Product Link,Image Link
https://www.digikey.com//en/products/filter/screw-and-nut-driver-sets/249?s=N4IgTCBcDaIO4EsAWBDEBdAvkA,//mm.digikey.com/Volume0/opasdata/d220001/derivates/3/200/468/039/MFG_IFIX-EU145392_tmb.jpg
https://www.digikey.com//en/products/filter/screw-and-nut-driver-bits-blades-and-handles/236?s=N4IgTCBcDaIO4EsAWBDEBdAvkA,//mm.digikey.com/Volume0/opasdata/d220001/derivates/3/001/149/427/MFG_9918370000%20%282%29_1_tmb.jpg
https://www.digikey.com//en/products/filter/screw-and-nut-drivers/239?s=N4IgTCBcDaIO4EsAWBDEBdAvkA,//mm.digikey.com/Volume0/opasdata/d220001/derivates/3/010/169/506/13904_tmb.jpg
https://www.digikey.com//en/products/filter/assorted-tool-kits/245?s=N4IgTCBcDaIO4EsAWBDEBdAvkA,//mm.digikey.com/Volume0/opasdata/d220001/derivates/3/200/283/624/MFG_TCA100ST_tmb.jpg
https://www.digikey.com//en/products/filter/accessories/227?s=N4IgTCBcDaIO4EsAWBDEBdAvkA,//mm.digikey.com/Volume0/opasdata/d220001/derivates/3/100/016/267/MFG_689-01_tmb.jpg
https://www.digikey.com//en/products/filter/hex-torx-keys/257?s=N4IgTCBcDaIO4EsAWBDEBdAvkA,//mm.digikey.com/Volume0/opasdata/d220001/derivates/3/300/267/216/MFG_LLx%2CLLxx_tmb.jpg
https://www.digikey.com//en/products/filter/tool-bags-boxes-and-cabinets/1113?s=N4IgTCBcDaIO4EsAWBDEBdAvkA,//mm.digikey.com/Volume0/opasdata/d220001/derivates/3/002/717/385/MFG_B2222508_tmb.jpg
https://www.digikey.com//en/products/filter/tweezers/240?s=N4IgTCBcDaIO4EsAWBDEBdAvkA,//mm.digikey.com/Volume0/opasdata/d220001/derivates/3/002/236/462/18480EZ_tmb.jpg
https://www.digikey.com//en/products/filter/wire-cutters/234?s=N4IgTCBcDaIO4EsAWBDEBdAvkA,//mm.digikey.com/Volume0/opasdata/d220001/derivates/3/300/289/918/MFG_CHP-170_tmb.jpg
https://www.digikey.com//en/products/filter/pliers/243?s=N4IgTCBcDaIO4EsAWBDEBdAvkA,//mm.digikey.com/Volume0/opasdata/d220001/derivates/3/002/322/118/10600A_tmb.jpg
https://www.digikey.com//en/products/filter/socket-sets/247?s=N4IgTCBcDaIO4EsAWBDEBdAvkA,//mm.digikey.com/Volume0/opasdata/d220001/derivates/3/300/326/469/MFG_1200292_tmb%2864x64%29.jpg
https://www.digikey.com//en/products/filter/specialized-tools/233?s=N4IgTCBcDaIO4EsAWBDEBdAvkA,//mm.digikey.com/Volume0/opasdata/d220001/derivates/3/002/302/169/PCB-RULER-12INCH_tmb.jpg
