Page Index	Product Name	Product Link	Image Link	order ID	basic item number	brand name	minimum order quantity	packages	manufacturer name	Country of origin	Weight	Price
1	Micro Point Drill(Drill for Guide Hole)  04-00010-01000  NS	https://kital-tools.com/products/nspd0-1x0-2-1350	//kital-tools.com/cdn/shop/products/NSPD0.1X0.2_1350_1024x1024@2x.jpg?v=1634682932	4272439	NSPD0.1X0.2	NS	1Pcs	1	"NS Tool Co., Ltd."	Japan	0G	697.601?
1	Micro Point Drill(Drill for Guide Hole)  04-00010-00900  NS	https://kital-tools.com/products/nspd0-09x0-18-1350	//kital-tools.com/cdn/shop/products/NSPD0.09X0.18_1350_1024x1024@2x.jpg?v=1634682930	4272421	NSPD0.09X0.18	NS	1Pcs	1	"NS Tool Co., Ltd."	Japan	0G	934.522?
1	Micro Point Drill(Drill for Guide Hole)  04-00010-00800  NS	https://kital-tools.com/products/nspd0-08x0-16-1350	//kital-tools.com/cdn/shop/products/NSPD0.08X0.16_1350_1024x1024@2x.jpg?v=1634682928	4272412	NSPD0.08X0.16	NS	1Pcs	1	"NS Tool Co., Ltd."	Japan	0G	934.522?
1	Micro Point Drill(Drill for Guide Hole)  04-00010-00700  NS	https://kital-tools.com/products/nspd0-07x0-14-1350	//kital-tools.com/cdn/shop/products/NSPD0.07X0.14_1350_1024x1024@2x.jpg?v=1634682926	4272404	NSPD0.07X0.14	NS	1Pcs	1	"NS Tool Co., Ltd."	Japan	0G	1.368.878?
1	Micro Point Drill(Drill for Guide Hole)  04-00010-00600  NS	https://kital-tools.com/products/nspd0-06x0-12-1350	//kital-tools.com/cdn/shop/products/NSPD0.06X0.12_1350_1024x1024@2x.jpg?v=1634682924	4272391	NSPD0.06X0.12	NS	1Pcs	1	"NS Tool Co., Ltd."	Japan	0G	1.526.825?
1	Micro Point Drill(Drill for Guide Hole)  04-00010-00500  NS	https://kital-tools.com/products/nspd0-05x0-1-1350	//kital-tools.com/cdn/shop/products/NSPD0.05X0.1_1350_1024x1024@2x.jpg?v=1634682921	4272382	NSPD0.05X0.1	NS	1Pcs	1	"NS Tool Co., Ltd."	Japan	0G	1.658.448?
1	Micro Point Drill(Drill for Guide Hole)  04-00010-00400  NS	https://kital-tools.com/products/nspd0-04x0-08-1350	//kital-tools.com/cdn/shop/products/NSPD0.04X0.08_1350_1024x1024@2x.jpg?v=1634682919	4272374	NSPD0.04X0.08	NS	1Pcs	1	"NS Tool Co., Ltd."	Japan	0G	1.961.180?
1	Micro Point Drill(Drill for Guide Hole)  04-00010-00300  NS	https://kital-tools.com/products/nspd0-03x0-06-1350	//kital-tools.com/cdn/shop/products/NSPD0.03X0.06_1350_1024x1024@2x.jpg?v=1634682909	4272366	NSPD0.03X0.06	NS	1Pcs	1	"NS Tool Co., Ltd."	Japan	0G	2.908.865?
1	Micro Point Drill(Drill for Guide Hole)  04-00010-00200  NS	https://kital-tools.com/products/nspd0-02x0-04-1350	//kital-tools.com/cdn/shop/products/NSPD0.02X0.04_1350_1024x1024@2x.jpg?v=1634682906	4272358	NSPD0.02X0.04	NS	1Pcs	1	"NS Tool Co., Ltd."	Japan	0G	4.975.343?
1	Micro Point Drill(Drill for Guide Hole)  04-00010-00250  NS	https://kital-tools.com/products/nspd0-025x0-05-1350	//kital-tools.com/cdn/shop/products/NSPD0.025X0.05_1350_1024x1024@2x.jpg?v=1634682904	4272340	NSPD0.025X0.05	NS	1Pcs	1	"NS Tool Co., Ltd."	Japan	0G	4.975.343?
1	Micro Point Drill(Drill for Guide Hole)  04-00010-00100  NS	https://kital-tools.com/products/nspd0-01x0-015-1350	//kital-tools.com/cdn/shop/products/NSPD0.01X0.015_1350_1024x1024@2x.jpg?v=1634682901	4272331	NSPD0.01X0.015	NS	1Pcs	1	"NS Tool Co., Ltd."	Japan	0G	6.225.760?
1	Micro Point Drill(Drill for Guide Hole)  04-00010-00150  NS	https://kital-tools.com/products/nspd0-015x0-025-1350	//kital-tools.com/cdn/shop/products/NSPD0.015X0.025_1350_1024x1024@2x.jpg?v=1634682899	4272323	NSPD0.015X0.025	NS	1Pcs	1	"NS Tool Co., Ltd."	Japan	0G	6.225.760?
1	Micro Drill Short  04-00005-00500  NS	https://kital-tools.com/products/nsmds0-05x0-3-1350	//kital-tools.com/cdn/shop/products/NSMDS0.05X0.3_1350_1024x1024@2x.jpg?v=1634682828	4272315	NSMDS0.05X0.3	NS	1Pcs	1	"NS Tool Co., Ltd."	Japan	0G	1.658.448?
1	Micro Drill Short  04-00005-00400  NS	https://kital-tools.com/products/nsmds0-04x0-24-1350	//kital-tools.com/cdn/shop/products/NSMDS0.04X0.24_1350_1024x1024@2x.jpg?v=1634682826	4272307	NSMDS0.04X0.24	NS	1Pcs	1	"NS Tool Co., Ltd."	Japan	0G	1.961.180?
1	Micro Drill Short  04-00005-00300  NS	https://kital-tools.com/products/nsmds0-03x0-18-1350	//kital-tools.com/cdn/shop/products/NSMDS0.03X0.18_1350_1024x1024@2x.jpg?v=1634682824	4272293	NSMDS0.03X0.18	NS	1Pcs	1	"NS Tool Co., Ltd."	Japan	0G	2.908.865?
1	Micro Drill Short  04-00005-00200  NS	https://kital-tools.com/products/nsmds0-02x0-12-1350	//kital-tools.com/cdn/shop/products/NSMDS0.02X0.12_1350_1024x1024@2x.jpg?v=1634682822	4272285	NSMDS0.02X0.12	NS	1Pcs	1	"NS Tool Co., Ltd."	Japan	0G	4.975.343?
1	Micro Drill Short  04-00005-00250  NS	https://kital-tools.com/products/nsmds0-025x0-15-1350	//kital-tools.com/cdn/shop/products/NSMDS0.025X0.15_1350_1024x1024@2x.jpg?v=1634682819	4272277	NSMDS0.025X0.15	NS	1Pcs	1	"NS Tool Co., Ltd."	Japan	0G	4.975.343?
1	Micro Drill Short  04-00005-00100  NS	https://kital-tools.com/products/nsmds0-01x0-06-1350	//kital-tools.com/cdn/shop/products/NSMDS0.01X0.06_1350_1024x1024@2x.jpg?v=1634682817	4272269	NSMDS0.01X0.06	NS	1Pcs	1	"NS Tool Co., Ltd."	Japan	0G	6.225.760?
1	Micro Drill Short  04-00005-00150  NS	https://kital-tools.com/products/nsmds0-015x0-09-1350	//kital-tools.com/cdn/shop/products/NSMDS0.015X0.09_1350_1024x1024@2x.jpg?v=1634682808	4272251	NSMDS0.015X0.09	NS	1Pcs	1	"NS Tool Co., Ltd."	Japan	0G	6.225.760?
1	Micro Drill  04-00001-01000  NS	https://kital-tools.com/products/nsmd0-1x1-1350	//kital-tools.com/cdn/shop/products/NSMD0.1X1_1350_1024x1024@2x.jpg?v=1634682743	4271963	NSMD0.1X1	NS	1Pcs	1	"NS Tool Co., Ltd."	Japan	0G	697.601?
1	Micro Drill  04-00001-00900  NS	https://kital-tools.com/products/nsmd0-09x0-9-1350	//kital-tools.com/cdn/shop/products/NSMD0.09X0.9_1350_1024x1024@2x.jpg?v=1634682741	4271955	NSMD0.09X0.9	NS	1Pcs	1	"NS Tool Co., Ltd."	Japan	0G	934.522?
1	Micro Drill  04-00001-00800  NS	https://kital-tools.com/products/nsmd0-08x0-8-1350	//kital-tools.com/cdn/shop/products/NSMD0.08X0.8_1350_1024x1024@2x.jpg?v=1634682739	4271947	NSMD0.08X0.8	NS	1Pcs	1	"NS Tool Co., Ltd."	Japan	0G	934.522?
1	Micro Drill  04-00001-00700  NS	https://kital-tools.com/products/nsmd0-07x0-7-1350	//kital-tools.com/cdn/shop/products/NSMD0.07X0.7_1350_1024x1024@2x.jpg?v=1634682737	4271939	NSMD0.07X0.7	NS	1Pcs	1	"NS Tool Co., Ltd."	Japan	0G	1.368.878?
1	Micro Drill  04-00001-00600  NS	https://kital-tools.com/products/nsmd0-06x0-6-1350	//kital-tools.com/cdn/shop/products/NSMD0.06X0.6_1350_1024x1024@2x.jpg?v=1634682735	4271921	NSMD0.06X0.6	NS	1Pcs	1	"NS Tool Co., Ltd."	Japan	0G	1.526.825?
1	Micro Drill  04-00001-00500  NS	https://kital-tools.com/products/nsmd0-05x0-5-1350	//kital-tools.com/cdn/shop/products/NSMD0.05X0.5_1350_1024x1024@2x.jpg?v=1634682731	4271912	NSMD0.05X0.5	NS	1Pcs	1	"NS Tool Co., Ltd."	Japan	0G	1.658.448?
1	Micro Drill  04-00001-00400  NS	https://kital-tools.com/products/nsmd0-04x0-4-1350	//kital-tools.com/cdn/shop/products/NSMD0.04X0.4_1350_1024x1024@2x.jpg?v=1634682729	4271904	NSMD0.04X0.4	NS	1Pcs	1	"NS Tool Co., Ltd."	Japan	0G	1.961.180?
1	Micro Drill  04-00001-00300  NS	https://kital-tools.com/products/nsmd0-03x0-3-1350	//kital-tools.com/cdn/shop/products/NSMD0.03X0.3_1350_1024x1024@2x.jpg?v=1634682727	4271891	NSMD0.03X0.3	NS	1Pcs	1	"NS Tool Co., Ltd."	Japan	0G	2.908.865?
1	Micro Drill  04-00001-00200  NS	https://kital-tools.com/products/nsmd0-02x0-2-1350	//kital-tools.com/cdn/shop/products/NSMD0.02X0.2_1350_1024x1024@2x.jpg?v=1634682725	4271882	NSMD0.02X0.2	NS	1Pcs	1	"NS Tool Co., Ltd."	Japan	0G	4.975.343?
1	Micro Drill  04-00001-00250  NS	https://kital-tools.com/products/nsmd0-025x0-25-1350	//kital-tools.com/cdn/shop/products/NSMD0.025X0.25_1350_1024x1024@2x.jpg?v=1634682716	4271874	NSMD0.025X0.25	NS	1Pcs	1	"NS Tool Co., Ltd."	Japan	0G	4.975.343?
1	Micro Drill  04-00001-00100  NS	https://kital-tools.com/products/nsmd0-01x0-1-1350	//kital-tools.com/cdn/shop/products/NSMD0.01X0.1_1350_1024x1024@2x.jpg?v=1634682711	4271866	NSMD0.01X0.1	NS	1Pcs	1	"NS Tool Co., Ltd."	Japan	0G	6.225.760?
1	Micro Drill  04-00001-00150  NS	https://kital-tools.com/products/nsmd0-015x0-15-1350	//kital-tools.com/cdn/shop/products/NSMD0.015X0.15_1350_1024x1024@2x.jpg?v=1634682709	4271858	NSMD0.015X0.15	NS	1Pcs	1	"NS Tool Co., Ltd."	Japan	0G	6.225.760?
1	"MAS drills, Specially for aluminium and cast iron drilling, High holl accuracy(Internal coolant)  MAS1600MB       HTI10  MITSUBISHI"	https://kital-tools.com/products/mas1600mb-7033hti10	//kital-tools.com/cdn/shop/products/MAS1600MB_7033_HTI10_1024x1024@2x.jpg?v=1634620223	6704506	MAS1600MB	MITSUBISHI	1Pcs	1	MITSUBISHI MATERIALS Corporation.	0	280G	7.699.936?
1	"MAS drills, Specially for aluminium and cast iron drilling, High holl accuracy(Internal coolant)  MAS1500LB       HTI10  MITSUBISHI"	https://kital-tools.com/products/mas1500lb-7033hti10	//kital-tools.com/cdn/shop/products/MAS1500LB_7033_HTI10_1024x1024@2x.jpg?v=1634620221	6704476	MAS1500LB	MITSUBISHI	1Pcs	1	MITSUBISHI MATERIALS Corporation.	0	300G	8.391.044?
1	"MAS drills, Specially for aluminium and cast iron drilling, High holl accuracy(Internal coolant)  MAS1400LB       HTI10  MITSUBISHI"	https://kital-tools.com/products/mas1400lb-7033hti10	//kital-tools.com/cdn/shop/products/MAS1400LB_7033_HTI10_1024x1024@2x.jpg?v=1634620212	6704433	MAS1400LB	MITSUBISHI	1Pcs	1	MITSUBISHI MATERIALS Corporation.	0	230G	7.189.942?
1	"MAS drills, Specially for aluminium and cast iron drilling, High holl accuracy(Internal coolant)  MAS1350LB       HTI10  MITSUBISHI"	https://kital-tools.com/products/mas1350lb-7033hti10	//kital-tools.com/cdn/shop/products/MAS1350LB_7033_HTI10_1024x1024@2x.jpg?v=1634620210	6704417	MAS1350LB	MITSUBISHI	1Pcs	1	MITSUBISHI MATERIALS Corporation.	0	220G	6.877.381?
1	"MAS drills, Specially for aluminium and cast iron drilling, High holl accuracy(Internal coolant)  MAS1300LB       HTI10  MITSUBISHI"	https://kital-tools.com/products/mas1300lb-7033hti10	//kital-tools.com/cdn/shop/products/MAS1300LB_7033_HTI10_1024x1024@2x.jpg?v=1634620208	6704395	MAS1300LB	MITSUBISHI	1Pcs	1	MITSUBISHI MATERIALS Corporation.	0	195G	6.301.400?
1	"MAS drills, Specially for aluminium and cast iron drilling, High holl accuracy(Internal coolant)  MAS1200MB       HTI10  MITSUBISHI"	https://kital-tools.com/products/mas1200mb-7033hti10	//kital-tools.com/cdn/shop/products/MAS1200MB_7033_HTI10_1024x1024@2x.jpg?v=1634620206	6704344	MAS1200MB	MITSUBISHI	1Pcs	1	MITSUBISHI MATERIALS Corporation.	0	130G	4.705.604?
1	"MAS drills, Specially for aluminium and cast iron drilling, High holl accuracy(Internal coolant)  MAS1200LB       HTI10  MITSUBISHI"	https://kital-tools.com/products/mas1200lb-7033hti10	//kital-tools.com/cdn/shop/products/MAS1200LB_7033_HTI10_1024x1024@2x.jpg?v=1634620204	6704336	MAS1200LB	MITSUBISHI	1Pcs	1	MITSUBISHI MATERIALS Corporation.	0	155G	5.807.902?
1	"MAS drills, Specially for aluminium and cast iron drilling, High holl accuracy(Internal coolant)  MAS1100LB       HTI10  MITSUBISHI"	https://kital-tools.com/products/mas1100lb-7033hti10	//kital-tools.com/cdn/shop/products/MAS1100LB_7033_HTI10_1024x1024@2x.jpg?v=1634620202	6704298	MAS1100LB	MITSUBISHI	1Pcs	1	MITSUBISHI MATERIALS Corporation.	0	130G	5.050.983?
1	"MAS drills, Specially for aluminium and cast iron drilling, High holl accuracy(Internal coolant)  MAS1050MB       HTI10  MITSUBISHI"	https://kital-tools.com/products/mas1050mb-7033hti10	//kital-tools.com/cdn/shop/products/MAS1050MB_7033_HTI10_1024x1024@2x.jpg?v=1634620200	6704280	MAS1050MB	MITSUBISHI	1Pcs	1	MITSUBISHI MATERIALS Corporation.	0	100G	4.179.113?
1	"MAS drills, Specially for aluminium and cast iron drilling, High holl accuracy(Internal coolant)  MAS1050LB       HTI10  MITSUBISHI"	https://kital-tools.com/products/mas1050lb-7033hti10	//kital-tools.com/cdn/shop/products/MAS1050LB_7033_HTI10_1024x1024@2x.jpg?v=1634620198	6704271	MAS1050LB	MITSUBISHI	1Pcs	1	MITSUBISHI MATERIALS Corporation.	0	120G	5.050.983?
1	"MAS drills, Specially for aluminium and cast iron drilling, High holl accuracy(Internal coolant)  MAS1000MB       HTI10  MITSUBISHI"	https://kital-tools.com/products/mas1000mb-7033hti10	//kital-tools.com/cdn/shop/products/MAS1000MB_7033_HTI10_1024x1024@2x.jpg?v=1634620194	6704247	MAS1000MB	MITSUBISHI	1Pcs	1	MITSUBISHI MATERIALS Corporation.	0	85G	4.014.497?
1	"MAS drills, Specially for aluminium and cast iron drilling, High holl accuracy(Internal coolant)  MAS0950MB       HTI10  MITSUBISHI"	https://kital-tools.com/products/mas0950mb-7033hti10	//kital-tools.com/cdn/shop/products/MAS0950MB_7033_HTI10_1024x1024@2x.jpg?v=1634620191	6704221	MAS0950MB	MITSUBISHI	1Pcs	1	MITSUBISHI MATERIALS Corporation.	0	75G	3.833.559?
1	"MAS drills, Specially for aluminium and cast iron drilling, High holl accuracy(Internal coolant)  MAS0850MB       HTI10  MITSUBISHI"	https://kital-tools.com/products/mas0850mb-7033hti10	//kital-tools.com/cdn/shop/products/MAS0850MB_7033_HTI10_1024x1024@2x.jpg?v=1634620187	6704166	MAS0850MB	MITSUBISHI	1Pcs	1	MITSUBISHI MATERIALS Corporation.	0	65G	3.537.320?
1	"MAS drills, Specially for aluminium and cast iron drilling, High holl accuracy(Internal coolant)  MAS0850LB       HTI10  MITSUBISHI"	https://kital-tools.com/products/mas0850lb-7033hti10	//kital-tools.com/cdn/shop/products/MAS0850LB_7033_HTI10_1024x1024@2x.jpg?v=1634620185	6704158	MAS0850LB	MITSUBISHI	1Pcs	1	MITSUBISHI MATERIALS Corporation.	0	75G	4.129.623?
1	"MAS drills, Specially for aluminium and cast iron drilling, High holl accuracy(Internal coolant)  MAS0800LB       HTI10  MITSUBISHI"	https://kital-tools.com/products/mas0800lb-7033hti10	//kital-tools.com/cdn/shop/products/MAS0800LB_7033_HTI10_1024x1024@2x.jpg?v=1634620183	6704131	MAS0800LB	MITSUBISHI	1Pcs	1	MITSUBISHI MATERIALS Corporation.	0	55G	3.915.867?
1	"MAS drills, Specially for aluminium and cast iron drilling, High holl accuracy(Internal coolant)  MAS0700LB       HTI10  MITSUBISHI"	https://kital-tools.com/products/mas0700lb-7033hti10	//kital-tools.com/cdn/shop/products/MAS0700LB_7033_HTI10_1024x1024@2x.jpg?v=1634620179	6704093	MAS0700LB	MITSUBISHI	1Pcs	1	MITSUBISHI MATERIALS Corporation.	0	43G	3.438.691?
1	"MAS drills, Specially for aluminium and cast iron drilling, High holl accuracy(Internal coolant)  MAS0680MB       HTI10  MITSUBISHI"	https://kital-tools.com/products/mas0680mb-7033hti10	//kital-tools.com/cdn/shop/products/MAS0680MB_7033_HTI10_1024x1024@2x.jpg?v=1634620177	6704085	MAS0680MB	MITSUBISHI	1Pcs	1	MITSUBISHI MATERIALS Corporation.	0	40G	2.994.507?
1	"MAS drills, Specially for aluminium and cast iron drilling, High holl accuracy(Internal coolant)  MAS0680LB       HTI10  MITSUBISHI"	https://kital-tools.com/products/mas0680lb-7033hti10	//kital-tools.com/cdn/shop/products/MAS0680LB_7033_HTI10_1024x1024@2x.jpg?v=1634620175	6704077	MAS0680LB	MITSUBISHI	1Pcs	1	MITSUBISHI MATERIALS Corporation.	0	45G	3.438.691?
1	"MAS drills, Specially for aluminium and cast iron drilling, High holl accuracy(Internal coolant)  MAS0650MB       HTI10  MITSUBISHI"	https://kital-tools.com/products/mas0650mb-7033hti10	//kital-tools.com/cdn/shop/products/MAS0650MB_7033_HTI10_1024x1024@2x.jpg?v=1634620173	6704069	MAS0650MB	MITSUBISHI	1Pcs	1	MITSUBISHI MATERIALS Corporation.	0	35G	2.895.702?
1	"MAS drills, Specially for aluminium and cast iron drilling, High holl accuracy(Internal coolant)  MAS0650LB       HTI10  MITSUBISHI"	https://kital-tools.com/products/mas0650lb-7033hti10	//kital-tools.com/cdn/shop/products/MAS0650LB_7033_HTI10_1024x1024@2x.jpg?v=1634620171	6704051	MAS0650LB	MITSUBISHI	1Pcs	1	MITSUBISHI MATERIALS Corporation.	0	40G	3.208.263?
1	"MAS drills, Specially for aluminium and cast iron drilling, High holl accuracy(Internal coolant)  MAS0600LB       HTI10  MITSUBISHI"	https://kital-tools.com/products/mas0600lb-7033hti10	//kital-tools.com/cdn/shop/products/MAS0600LB_7033_HTI10_1024x1024@2x.jpg?v=1634620168	6704034	MAS0600LB	MITSUBISHI	1Pcs	1	MITSUBISHI MATERIALS Corporation.	0	30G	2.846.388?
1	"MAS drills, Specially for aluminium and cast iron drilling, High holl accuracy(Internal coolant)  MAS0550MB       HTI10  MITSUBISHI"	https://kital-tools.com/products/mas0550mb-7033hti10	//kital-tools.com/cdn/shop/products/MAS0550MB_7033_HTI10_1024x1024@2x.jpg?v=1634620166	6704026	MAS0550MB	MITSUBISHI	1Pcs	1	MITSUBISHI MATERIALS Corporation.	0	25G	2.566.645?
1	"MAS drills, Specially for aluminium and cast iron drilling, High holl accuracy(Internal coolant)  MAS0550LB       HTI10  MITSUBISHI"	https://kital-tools.com/products/mas0550lb-7033hti10	//kital-tools.com/cdn/shop/products/MAS0550LB_7033_HTI10_1024x1024@2x.jpg?v=1634620164	6704018	MAS0550LB	MITSUBISHI	1Pcs	1	MITSUBISHI MATERIALS Corporation.	0	30G	2.698.268?
1	"MAS drills, Specially for aluminium and cast iron drilling, High holl accuracy(Internal coolant)  MAS0500MB       HTI10  MITSUBISHI"	https://kital-tools.com/products/mas0500mb-7033hti10	//kital-tools.com/cdn/shop/products/MAS0500MB_7033_HTI10_1024x1024@2x.jpg?v=1634620162	6704000	MAS0500MB	MITSUBISHI	1Pcs	1	MITSUBISHI MATERIALS Corporation.	0	20G	2.418.526?
1	"MAS drills, Specially for aluminium and cast iron drilling, High holl accuracy(Internal coolant)  MAS0460LB       HTI10  MITSUBISHI"	https://kital-tools.com/products/mas0460lb-7033hti10	//kital-tools.com/cdn/shop/products/MAS0460LB_7033_HTI10_1024x1024@2x.jpg?v=1634620160	6703984	MAS0460LB	MITSUBISHI	1Pcs	1	MITSUBISHI MATERIALS Corporation.	0	20G	2.533.827?
1	"MAS drills, Specially for aluminium and cast iron drilling, High holl accuracy(Internal coolant)  MAS0420LB       HTI10  MITSUBISHI"	https://kital-tools.com/products/mas0420lb-7033hti10	//kital-tools.com/cdn/shop/products/MAS0420LB_7033_HTI10_1024x1024@2x.jpg?v=1634620158	6703976	MAS0420LB	MITSUBISHI	1Pcs	1	MITSUBISHI MATERIALS Corporation.	0	20G	2.468.016?
1	"MAS drills, Specially for aluminium and cast iron drilling, High holl accuracy(Internal coolant)  MAS0400LB       HTI10  MITSUBISHI"	https://kital-tools.com/products/mas0400lb-7033hti10	//kital-tools.com/cdn/shop/products/MAS0400LB_7033_HTI10_1024x1024@2x.jpg?v=1634620156	6703968	MAS0400LB	MITSUBISHI	1Pcs	1	MITSUBISHI MATERIALS Corporation.	0	15G	2.418.526?
1	"MAS drills, Specially for aluminium and cast iron drilling, High holl accuracy(Internal coolant)  MAS0365LB       HTI10  MITSUBISHI"	https://kital-tools.com/products/mas0365lb-7033hti10	//kital-tools.com/cdn/shop/products/MAS0365LB_7033_HTI10_1024x1024@2x.jpg?v=1634620153	6703950	MAS0365LB	MITSUBISHI	1Pcs	1	MITSUBISHI MATERIALS Corporation.	0	13G	2.418.526?
1	"MAS drills, Specially for aluminium and cast iron drilling, High holl accuracy(Internal coolant)  MAS0330LB       HTI10  MITSUBISHI"	https://kital-tools.com/products/mas0330lb-7033hti10	//kital-tools.com/cdn/shop/products/MAS0330LB_7033_HTI10_1024x1024@2x.jpg?v=1634620151	6703941	MAS0330LB	MITSUBISHI	1Pcs	1	MITSUBISHI MATERIALS Corporation.	0	10G	2.352.714?
1	"MAS drills, Specially for aluminium and cast iron drilling, High holl accuracy(Internal coolant)  MAS0300LB       HTI10  MITSUBISHI"	https://kital-tools.com/products/mas0300lb-7033hti10	//kital-tools.com/cdn/shop/products/MAS0300LB_7033_HTI10_1024x1024@2x.jpg?v=1634620149	6703933	MAS0300LB	MITSUBISHI	1Pcs	1	MITSUBISHI MATERIALS Corporation.	0	9G	2.352.714?
1	"MAE drills, Specially for aluminium and cast iron drilling, High holl accuracy(External coolant)  MAE1500MB       HTI10  MITSUBISHI"	https://kital-tools.com/products/mae1500mb-7033hti10	//kital-tools.com/cdn/shop/products/MAE1500MB_7033_HTI10_1024x1024@2x.jpg?v=1634619917	6703917	MAE1500MB	MITSUBISHI	1Pcs	1	MITSUBISHI MATERIALS Corporation.	0	260G	5.610.467?
1	"MAE drills, Specially for aluminium and cast iron drilling, High holl accuracy(External coolant)  MAE1400MB       HTI10  MITSUBISHI"	https://kital-tools.com/products/mae1400mb-7033hti10	//kital-tools.com/cdn/shop/products/MAE1400MB_7033_HTI10_1024x1024@2x.jpg?v=1634619915	6703895	MAE1400MB	MITSUBISHI	1Pcs	1	MITSUBISHI MATERIALS Corporation.	0	210G	4.820.730?
1	"MAE drills, Specially for aluminium and cast iron drilling, High holl accuracy(External coolant)  MAE1300MB       HTI10  MITSUBISHI"	https://kital-tools.com/products/mae1300mb-7033hti10	//kital-tools.com/cdn/shop/products/MAE1300MB_7033_HTI10_1024x1024@2x.jpg?v=1634619912	6703879	MAE1300MB	MITSUBISHI	1Pcs	1	MITSUBISHI MATERIALS Corporation.	0	175G	4.179.113?
1	"MAE drills, Specially for aluminium and cast iron drilling, High holl accuracy(External coolant)  MAE1200MB       HTI10  MITSUBISHI"	https://kital-tools.com/products/mae1200mb-7033hti10	//kital-tools.com/cdn/shop/products/MAE1200MB_7033_HTI10_1024x1024@2x.jpg?v=1634619909	6703844	MAE1200MB	MITSUBISHI	1Pcs	1	MITSUBISHI MATERIALS Corporation.	0	140G	3.570.313?
1	"MAE drills, Specially for aluminium and cast iron drilling, High holl accuracy(External coolant)  MAE1108MB       HTI10  MITSUBISHI"	https://kital-tools.com/products/mae1108mb-7033hti10	//kital-tools.com/cdn/shop/products/MAE1108MB_7033_HTI10_1024x1024@2x.jpg?v=1634619907	6703836	MAE1108MB	MITSUBISHI	1Pcs	1	MITSUBISHI MATERIALS Corporation.	0	130G	3.389.376?
1	"MAE drills, Specially for aluminium and cast iron drilling, High holl accuracy(External coolant)  MAE1050MB       HTI10  MITSUBISHI"	https://kital-tools.com/products/mae1050mb-7033hti10	//kital-tools.com/cdn/shop/products/MAE1050MB_7033_HTI10_1024x1024@2x.jpg?v=1634619905	6703810	MAE1050MB	MITSUBISHI	1Pcs	1	MITSUBISHI MATERIALS Corporation.	0	110G	2.945.017?
1	"MAE drills, Specially for aluminium and cast iron drilling, High holl accuracy(External coolant)  MAE0950MB       HTI10  MITSUBISHI"	https://kital-tools.com/products/mae0950mb-7033hti10	//kital-tools.com/cdn/shop/products/MAE0950MB_7033_HTI10_1024x1024@2x.jpg?v=1634619902	6703780	MAE0950MB	MITSUBISHI	1Pcs	1	MITSUBISHI MATERIALS Corporation.	0	90G	2.583.142?
1	"MAE drills, Specially for aluminium and cast iron drilling, High holl accuracy(External coolant)  MAE0921MB       HTI10  MITSUBISHI"	https://kital-tools.com/products/mae0921mb-7033hti10	//kital-tools.com/cdn/shop/products/MAE0921MB_7033_HTI10_1024x1024@2x.jpg?v=1634619901	6703771	MAE0921MB	MITSUBISHI	1Pcs	1	MITSUBISHI MATERIALS Corporation.	0	85G	2.583.142?
1	"MAE drills, Specially for aluminium and cast iron drilling, High holl accuracy(External coolant)  MAE0850MB       HTI10  MITSUBISHI"	https://kital-tools.com/products/mae0850mb-7033hti10	//kital-tools.com/cdn/shop/products/MAE0850MB_7033_HTI10_1024x1024@2x.jpg?v=1634619897	6703755	MAE0850MB	MITSUBISHI	1Pcs	1	MITSUBISHI MATERIALS Corporation.	0	65G	2.303.400?
1	"MAE drills, Specially for aluminium and cast iron drilling, High holl accuracy(External coolant)  MAE0800MB       HTI10  MITSUBISHI"	https://kital-tools.com/products/mae0800mb-7033hti10	//kital-tools.com/cdn/shop/products/MAE0800MB_7033_HTI10_1024x1024@2x.jpg?v=1634619895	6703747	MAE0800MB	MITSUBISHI	1Pcs	1	MITSUBISHI MATERIALS Corporation.	0	55G	2.122.462?
1	"MAE drills, Specially for aluminium and cast iron drilling, High holl accuracy(External coolant)  MAE0700MB       HTI10  MITSUBISHI"	https://kital-tools.com/products/mae0700mb-7033hti10	//kital-tools.com/cdn/shop/products/MAE0700MB_7033_HTI10_1024x1024@2x.jpg?v=1634619892	6703721	MAE0700MB	MITSUBISHI	1Pcs	1	MITSUBISHI MATERIALS Corporation.	0	39G	1.842.720?
1	"MAE drills, Specially for aluminium and cast iron drilling, High holl accuracy(External coolant)  MAE0680MB       HTI10  MITSUBISHI"	https://kital-tools.com/products/mae0680mb-7033hti10	//kital-tools.com/cdn/shop/products/MAE0680MB_7033_HTI10_1024x1024@2x.jpg?v=1634619890	6703712	MAE0680MB	MITSUBISHI	1Pcs	1	MITSUBISHI MATERIALS Corporation.	0	40G	1.842.720?
1	"MAE drills, Specially for aluminium and cast iron drilling, High holl accuracy(External coolant)  MAE0650MB       HTI10  MITSUBISHI"	https://kital-tools.com/products/mae0650mb-7033hti10	//kital-tools.com/cdn/shop/products/MAE0650MB_7033_HTI10_1024x1024@2x.jpg?v=1634619887	6703704	MAE0650MB	MITSUBISHI	1Pcs	1	MITSUBISHI MATERIALS Corporation.	0	40G	1.809.902?
1	"MAE drills, Specially for aluminium and cast iron drilling, High holl accuracy(External coolant)  MAE0600MB       HTI10  MITSUBISHI"	https://kital-tools.com/products/mae0600mb-7033hti10	//kital-tools.com/cdn/shop/products/MAE0600MB_7033_HTI10_1024x1024@2x.jpg?v=1634619886	6703691	MAE0600MB	MITSUBISHI	1Pcs	1	MITSUBISHI MATERIALS Corporation.	0	30G	1.617.381?
1	"MAE drills, Specially for aluminium and cast iron drilling, High holl accuracy(External coolant)  MAE0550MB       HTI10  MITSUBISHI"	https://kital-tools.com/products/mae0550mb-7033hti10	//kital-tools.com/cdn/shop/products/MAE0550MB_7033_HTI10_1024x1024@2x.jpg?v=1634619884	6703682	MAE0550MB	MITSUBISHI	1Pcs	1	MITSUBISHI MATERIALS Corporation.	0	30G	1.551.570?
1	"MAE drills, Specially for aluminium and cast iron drilling, High holl accuracy(External coolant)  MAE0500MB       HTI10  MITSUBISHI"	https://kital-tools.com/products/mae0500mb-7033hti10	//kital-tools.com/cdn/shop/products/MAE0500MB_7033_HTI10_1024x1024@2x.jpg?v=1634619882	6703674	MAE0500MB	MITSUBISHI	1Pcs	1	MITSUBISHI MATERIALS Corporation.	0	20G	1.449.606?
1	"MAE drills, Specially for aluminium and cast iron drilling, High holl accuracy(External coolant)  MAE0460MB       HTI10  MITSUBISHI"	https://kital-tools.com/products/mae0460mb-7033hti10	//kital-tools.com/cdn/shop/products/MAE0460MB_7033_HTI10_1024x1024@2x.jpg?v=1634619880	6703666	MAE0460MB	MITSUBISHI	1Pcs	1	MITSUBISHI MATERIALS Corporation.	0	19G	1.449.606?
1	"MAE drills, Specially for aluminium and cast iron drilling, High holl accuracy(External coolant)  MAE0420MB       HTI10  MITSUBISHI"	https://kital-tools.com/products/mae0420mb-7033hti10	//kital-tools.com/cdn/shop/products/MAE0420MB_7033_HTI10_1024x1024@2x.jpg?v=1634619878	6703658	MAE0420MB	MITSUBISHI	1Pcs	1	MITSUBISHI MATERIALS Corporation.	0	17G	1.415.033?
1	"MAE drills, Specially for aluminium and cast iron drilling, High holl accuracy(External coolant)  MAE0400MB       HTI10  MITSUBISHI"	https://kital-tools.com/products/mae0400mb-7033hti10	//kital-tools.com/cdn/shop/products/MAE0400MB_7033_HTI10_1024x1024@2x.jpg?v=1634619875	6703640	MAE0400MB	MITSUBISHI	1Pcs	1	MITSUBISHI MATERIALS Corporation.	0	13G	1.337.815?
1	"MAE drills, Specially for aluminium and cast iron drilling, High holl accuracy(External coolant)  MAE0365MB       HTI10  MITSUBISHI"	https://kital-tools.com/products/mae0365mb-7033hti10	//kital-tools.com/cdn/shop/products/MAE0365MB_7033_HTI10_1024x1024@2x.jpg?v=1634619873	6703631	MAE0365MB	MITSUBISHI	1Pcs	1	MITSUBISHI MATERIALS Corporation.	0	13G	1.337.815?
1	"MAE drills, Specially for aluminium and cast iron drilling, High holl accuracy(External coolant)  MAE0330MB       HTI10  MITSUBISHI"	https://kital-tools.com/products/mae0330mb-7033hti10	//kital-tools.com/cdn/shop/products/MAE0330MB_7033_HTI10_1024x1024@2x.jpg?v=1634619870	6703623	MAE0330MB	MITSUBISHI	1Pcs	1	MITSUBISHI MATERIALS Corporation.	0	12G	1.337.815?
1	"MAE drills, Specially for aluminium and cast iron drilling, High holl accuracy(External coolant)  MAE0300MB       HTI10  MITSUBISHI"	https://kital-tools.com/products/mae0300mb-7033hti10	//kital-tools.com/cdn/shop/products/MAE0300MB_7033_HTI10_1024x1024@2x.jpg?v=1634619862	6703615	MAE0300MB	MITSUBISHI	1Pcs	1	MITSUBISHI MATERIALS Corporation.	0	8G	1.270.248?
1	Collet Use Carbide Tipped Drill  SLD 26  FKD	https://kital-tools.com/products/sld26-8550	//kital-tools.com/cdn/shop/products/SLD26_8550__MA_1024x1024@2x.jpg?v=1616665843	3321029	SLD26	FKD	1Pcs	1	"FUKUDA SEIKO CO., LTD."	Japan	390.000G	5.314.228?
1	Collet Use Carbide Tipped Drill  SLD 25.5  FKD	https://kital-tools.com/products/sld25-5-8550	//kital-tools.com/cdn/shop/products/SLD25.5_8550__MA_1024x1024@2x.jpg?v=1616665839	3321011	SLD25.5	FKD	1Pcs	1	"FUKUDA SEIKO CO., LTD."	Japan	390.000G	5.314.228?
1	Collet Use Carbide Tipped Drill  SLD 25  FKD	https://kital-tools.com/products/sld25-8550	//kital-tools.com/cdn/shop/products/SLD25_8550__MA_1024x1024@2x.jpg?v=1616665833	3321002	SLD25	FKD	1Pcs	1	"FUKUDA SEIKO CO., LTD."	Japan	380.000G	5.248.417?
1	Collet Use Carbide Tipped Drill  SLD 24.5  FKD	https://kital-tools.com/products/sld24-5-8550	//kital-tools.com/cdn/shop/products/SLD24.5_8550__MA_1024x1024@2x.jpg?v=1616665828	3320995	SLD24.5	FKD	1Pcs	1	"FUKUDA SEIKO CO., LTD."	Japan	370.000G	5.248.417?
1	Collet Use Carbide Tipped Drill  SLD 24  FKD	https://kital-tools.com/products/sld24-8550	//kital-tools.com/cdn/shop/products/SLD24_8550__MA_1024x1024@2x.jpg?v=1616665823	3320987	SLD24	FKD	1Pcs	1	"FUKUDA SEIKO CO., LTD."	Japan	370.000G	5.116.794?
1	Collet Use Carbide Tipped Drill  SLD 23.5  FKD	https://kital-tools.com/products/sld23-5-8550	//kital-tools.com/cdn/shop/products/SLD23.5_8550__MA_1024x1024@2x.jpg?v=1616665819	3320979	SLD23.5	FKD	1Pcs	1	"FUKUDA SEIKO CO., LTD."	Japan	350.000G	5.116.794?
1	Collet Use Carbide Tipped Drill  SLD 23  FKD	https://kital-tools.com/products/sld23-8550	//kital-tools.com/cdn/shop/products/SLD23_8550__MA_1024x1024@2x.jpg?v=1616665814	3320961	SLD23	FKD	1Pcs	1	"FUKUDA SEIKO CO., LTD."	Japan	350.000G	4.820.730?
1	Collet Use Carbide Tipped Drill  SLD 22.5  FKD	https://kital-tools.com/products/sld22-5-8550	//kital-tools.com/cdn/shop/products/SLD22.5_8550__MA_1024x1024@2x.jpg?v=1616665805	3320952	SLD22.5	FKD	1Pcs	1	"FUKUDA SEIKO CO., LTD."	Japan	340.000G	4.820.730?
1	Collet Use Carbide Tipped Drill  SLD 22  FKD	https://kital-tools.com/products/sld22-8550	//kital-tools.com/cdn/shop/products/SLD22_8550__MA_1024x1024@2x.jpg?v=1616665799	3320944	SLD22	FKD	1Pcs	1	"FUKUDA SEIKO CO., LTD."	Japan	335.000G	4.491.673?
1	Collet Use Carbide Tipped Drill  SLD 21.5  FKD	https://kital-tools.com/products/sld21-5-8550	//kital-tools.com/cdn/shop/products/SLD21.5_8550__MA_1024x1024@2x.jpg?v=1616665792	3320936	SLD21.5	FKD	1Pcs	1	"FUKUDA SEIKO CO., LTD."	Japan	330.000G	4.491.673?
1	Collet Use Carbide Tipped Drill  SLD 21  FKD	https://kital-tools.com/products/sld21-8550	//kital-tools.com/cdn/shop/products/SLD21_8550__MA_1024x1024@2x.jpg?v=1616665787	3320928	SLD21	FKD	1Pcs	1	"FUKUDA SEIKO CO., LTD."	Japan	320.000G	4.294.239?
1	Collet Use Carbide Tipped Drill  SLD 20.5  FKD	https://kital-tools.com/products/sld20-5-8550	//kital-tools.com/cdn/shop/products/SLD20.5_8550__MA_1024x1024@2x.jpg?v=1616665782	3320910	SLD20.5	FKD	1Pcs	1	"FUKUDA SEIKO CO., LTD."	Japan	270.000G	4.294.239?
1	Collet Use Carbide Tipped Drill  SLD 20  FKD	https://kital-tools.com/products/sld20-8550	//kital-tools.com/cdn/shop/products/SLD20_8550__MA_1024x1024@2x.jpg?v=1616665778	3320901	SLD20	FKD	1Pcs	1	"FUKUDA SEIKO CO., LTD."	Japan	270.000G	3.981.679?
1	Collet Use Carbide Tipped Drill  SLD 19.5  FKD	https://kital-tools.com/products/sld19-5-8550	//kital-tools.com/cdn/shop/products/SLD19.5_8550__MA_1024x1024@2x.jpg?v=1616665773	3320898	SLD19.5	FKD	1Pcs	1	"FUKUDA SEIKO CO., LTD."	Japan	260.000G	3.981.679?
1	Collet Use Carbide Tipped Drill  SLD 19  FKD	https://kital-tools.com/products/sld19-8550	//kital-tools.com/cdn/shop/products/SLD19_8550__MA_1024x1024@2x.jpg?v=1616665768	3320880	SLD19	FKD	1Pcs	1	"FUKUDA SEIKO CO., LTD."	Japan	250.000G	3.784.244?
1	Collet Use Carbide Tipped Drill  SLD 18.5  FKD	https://kital-tools.com/products/sld18-5-8550	//kital-tools.com/cdn/shop/products/SLD18.5_8550__MA_1024x1024@2x.jpg?v=1616665763	3340163	SLD18.5	FKD	1Pcs	1	"FUKUDA SEIKO CO., LTD."	Japan	245.000G	3.784.244?
1	Collet Use Carbide Tipped Drill  SLD 18  FKD	https://kital-tools.com/products/sld18-8550	//kital-tools.com/cdn/shop/products/SLD18_8550__MA_1024x1024@2x.jpg?v=1616665758	3340155	SLD18	FKD	1Pcs	1	"FUKUDA SEIKO CO., LTD."	Japan	240.000G	3.455.187?
1	Collet Use Carbide Tipped Drill  SLD 17.5  FKD	https://kital-tools.com/products/sld17-5-8550	//kital-tools.com/cdn/shop/products/SLD17.5_8550__MA_1024x1024@2x.jpg?v=1616665754	3340147	SLD17.5	FKD	1Pcs	1	"FUKUDA SEIKO CO., LTD."	Japan	230.000G	3.455.187?
1	Collet Use Carbide Tipped Drill  SLD 17  FKD	https://kital-tools.com/products/sld17-8550	//kital-tools.com/cdn/shop/products/SLD17_8550__MA_1024x1024@2x.jpg?v=1616665749	3340139	SLD17	FKD	1Pcs	1	"FUKUDA SEIKO CO., LTD."	Japan	220.000G	3.307.068?
1	Collet Use Carbide Tipped Drill  SLD 16.5  FKD	https://kital-tools.com/products/sld16-5-8550	//kital-tools.com/cdn/shop/products/SLD16.5_8550__MA_1024x1024@2x.jpg?v=1616665744	3340121	SLD16.5	FKD	1Pcs	1	"FUKUDA SEIKO CO., LTD."	Japan	170.000G	3.307.068?
1	Collet Use Carbide Tipped Drill  SLD 16  FKD	https://kital-tools.com/products/sld16-8550	//kital-tools.com/cdn/shop/products/SLD16_8550__MA_1024x1024@2x.jpg?v=1616665739	3340112	SLD16	FKD	1Pcs	1	"FUKUDA SEIKO CO., LTD."	Japan	165.000G	3.076.640?
1	Collet Use Carbide Tipped Drill  SLD 15.5  FKD	https://kital-tools.com/products/sld15-5-8550	//kital-tools.com/cdn/shop/products/SLD15.5_8550__MA_1024x1024@2x.jpg?v=1616665734	3340104	SLD15.5	FKD	1Pcs	1	"FUKUDA SEIKO CO., LTD."	Japan	155.000G	3.076.640?
1	Collet Use Carbide Tipped Drill  SLD 15  FKD	https://kital-tools.com/products/sld15-8550	//kital-tools.com/cdn/shop/products/SLD15_8550__MA_1024x1024@2x.jpg?v=1616665729	3340091	SLD15	FKD	1Pcs	1	"FUKUDA SEIKO CO., LTD."	Japan	155.000G	2.961.514?
1	Collet Use Carbide Tipped Drill  SLD 14.5  FKD	https://kital-tools.com/products/sld14-5-8550	//kital-tools.com/cdn/shop/products/SLD14.5_8550__MA_1024x1024@2x.jpg?v=1616665724	3340082	SLD14.5	FKD	1Pcs	1	"FUKUDA SEIKO CO., LTD."	Japan	150.000G	2.961.514?
1	Collet Use Carbide Tipped Drill  SLD 14  FKD	https://kital-tools.com/products/sld14-8550	//kital-tools.com/cdn/shop/products/SLD14_8550__MA_1024x1024@2x.jpg?v=1616665713	3340074	SLD14	FKD	1Pcs	1	"FUKUDA SEIKO CO., LTD."	Japan	145.000G	2.764.080?
1	Straight Shank Drills Carbide Tipped  SD 9.9  FKD	https://kital-tools.com/products/sd9-9-8550	//kital-tools.com/cdn/shop/products/SD9.9_8550__MA_1024x1024@2x.jpg?v=1616494124	3033015	SD9.9	FKD	1Pcs	1	"FUKUDA SEIKO CO., LTD."	Japan	54.000G	1.579.474?
1	Straight Shank Drills Carbide Tipped  SD 9.8  FKD	https://kital-tools.com/products/sd9-8-8550	//kital-tools.com/cdn/shop/products/SD9.8_8550__MA_1024x1024@2x.jpg?v=1616494121	2887851	SD9.8	FKD	1Pcs	1	"FUKUDA SEIKO CO., LTD."	Japan	54.000G	1.579.474?
1	Straight Shank Drills Carbide Tipped  SD 9.7  FKD	https://kital-tools.com/products/sd9-7-8550	//kital-tools.com/cdn/shop/products/SD9.7_8550__MA_1024x1024@2x.jpg?v=1616494116	3033007	SD9.7	FKD	1Pcs	1	"FUKUDA SEIKO CO., LTD."	Japan	54.000G	1.579.474?
1	Straight Shank Drills Carbide Tipped  SD 9.6  FKD	https://kital-tools.com/products/sd9-6-8550	//kital-tools.com/cdn/shop/products/SD9.6_8550__MA_1024x1024@2x.jpg?v=1616494113	3032990	SD9.6	FKD	1Pcs	1	"FUKUDA SEIKO CO., LTD."	Japan	54.000G	1.579.474?
1	Straight Shank Drills Carbide Tipped  SD 9.5  FKD	https://kital-tools.com/products/sd9-5-8550	//kital-tools.com/cdn/shop/products/SD9.5_8550__MA_1024x1024@2x.jpg?v=1616494109	3032981	SD9.5	FKD	1Pcs	1	"FUKUDA SEIKO CO., LTD."	Japan	54.000G	1.431.355?
1	Straight Shank Drills Carbide Tipped  SD 9.4  FKD	https://kital-tools.com/products/sd9-4-8550	//kital-tools.com/cdn/shop/products/SD9.4_8550__MA_1024x1024@2x.jpg?v=1616494106	3032973	SD9.4	FKD	1Pcs	1	"FUKUDA SEIKO CO., LTD."	Japan	49.000G	1.431.355?
1	Straight Shank Drills Carbide Tipped  SD 9.3  FKD	https://kital-tools.com/products/sd9-3-8550	//kital-tools.com/cdn/shop/products/SD9.3_8550__MA_1024x1024@2x.jpg?v=1616494102	3032965	SD9.3	FKD	1Pcs	1	"FUKUDA SEIKO CO., LTD."	Japan	49.000G	1.431.355?
1	Straight Shank Drills Carbide Tipped  SD 9.2  FKD	https://kital-tools.com/products/sd9-2-8550	//kital-tools.com/cdn/shop/products/SD9.2_8550__MA_1024x1024@2x.jpg?v=1616494098	3032957	SD9.2	FKD	1Pcs	1	"FUKUDA SEIKO CO., LTD."	Japan	49.000G	1.431.355?
1	Straight Shank Drills Carbide Tipped  SD 9.1  FKD	https://kital-tools.com/products/sd9-1-8550	//kital-tools.com/cdn/shop/products/SD9.1_8550__MA_1024x1024@2x.jpg?v=1616494095	3032949	SD9.1	FKD	1Pcs	1	"FUKUDA SEIKO CO., LTD."	Japan	49.000G	1.431.355?
1	Straight Shank Drills Carbide Tipped  SD 9  FKD	https://kital-tools.com/products/sd9-8550	//kital-tools.com/cdn/shop/products/SD9_8550__MA_1024x1024@2x.jpg?v=1616494092	2887843	SD9	FKD	1Pcs	1	"FUKUDA SEIKO CO., LTD."	Japan	44.000G	1.431.355?
1	Straight Shank Drills Carbide Tipped  SD 8.9  FKD	https://kital-tools.com/products/sd8-9-8550	//kital-tools.com/cdn/shop/products/SD8.9_8550__MA_1024x1024@2x.jpg?v=1616494064	3032931	SD8.9	FKD	1Pcs	1	"FUKUDA SEIKO CO., LTD."	Japan	44.000G	1.431.355?
1	Straight Shank Drills Carbide Tipped  SD 8.8  FKD	https://kital-tools.com/products/sd8-8-8550	//kital-tools.com/cdn/shop/products/SD8.8_8550__MA_1024x1024@2x.jpg?v=1616494061	3032922	SD8.8	FKD	1Pcs	1	"FUKUDA SEIKO CO., LTD."	Japan	44.000G	1.431.355?
1	Straight Shank Drills Carbide Tipped  SD 8.7  FKD	https://kital-tools.com/products/sd8-7-8550	//kital-tools.com/cdn/shop/products/SD8.7_8550__MA_1024x1024@2x.jpg?v=1616494057	3032914	SD8.7	FKD	1Pcs	1	"FUKUDA SEIKO CO., LTD."	Japan	44.000G	1.431.355?
1	Straight Shank Drills Carbide Tipped  SD 8.6  FKD	https://kital-tools.com/products/sd8-6-8550	//kital-tools.com/cdn/shop/products/SD8.6_8550__MA_1024x1024@2x.jpg?v=1616494054	3032906	SD8.6	FKD	1Pcs	1	"FUKUDA SEIKO CO., LTD."	Japan	44.000G	1.431.355?
1	Straight Shank Drills Carbide Tipped  SD 8.5  FKD	https://kital-tools.com/products/sd8-5-8550	//kital-tools.com/cdn/shop/products/SD8.5_8550__MA_1024x1024@2x.jpg?v=1616494049	2887835	SD8.5	FKD	1Pcs	1	"FUKUDA SEIKO CO., LTD."	Japan	44.000G	1.283.410?
1	Straight Shank Drills Carbide Tipped  SD 8.4  FKD	https://kital-tools.com/products/sd8-4-8550	//kital-tools.com/cdn/shop/products/SD8.4_8550__MA_1024x1024@2x.jpg?v=1616494045	3032892	SD8.4	FKD	1Pcs	1	"FUKUDA SEIKO CO., LTD."	Japan	39.000G	1.283.410?
1	Straight Shank Drills Carbide Tipped  SD 8.3  FKD	https://kital-tools.com/products/sd8-3-8550	//kital-tools.com/cdn/shop/products/SD8.3_8550__MA_1024x1024@2x.jpg?v=1616494040	3032884	SD8.3	FKD	1Pcs	1	"FUKUDA SEIKO CO., LTD."	Japan	39.000G	1.283.410?
1	Straight Shank Drills Carbide Tipped  SD 8.2  FKD	https://kital-tools.com/products/sd8-2-8550	//kital-tools.com/cdn/shop/products/SD8.2_8550__MA_1024x1024@2x.jpg?v=1616494037	3032876	SD8.2	FKD	1Pcs	1	"FUKUDA SEIKO CO., LTD."	Japan	39.000G	1.283.410?
1	Straight Shank Drills Carbide Tipped  SD 8.1  FKD	https://kital-tools.com/products/sd8-1-8550	//kital-tools.com/cdn/shop/products/SD8.1_8550__MA_1024x1024@2x.jpg?v=1616494033	3032868	SD8.1	FKD	1Pcs	1	"FUKUDA SEIKO CO., LTD."	Japan	39.000G	1.283.410?
1	Straight Shank Drills Carbide Tipped  SD 8  FKD	https://kital-tools.com/products/sd8-8550	//kital-tools.com/cdn/shop/products/SD8_8550__MA_1024x1024@2x.jpg?v=1616494029	2887827	SD8	FKD	1Pcs	1	"FUKUDA SEIKO CO., LTD."	Japan	39.000G	1.283.410?
1	Straight Shank Drills Carbide Tipped  SD 7.9  FKD	https://kital-tools.com/products/sd7-9-8550	//kital-tools.com/cdn/shop/products/SD7.9_8550__MA_1024x1024@2x.jpg?v=1616493980	3032850	SD7.9	FKD	1Pcs	1	"FUKUDA SEIKO CO., LTD."	Japan	35.000G	1.283.410?
1	Straight Shank Drills Carbide Tipped  SD 7.8  FKD	https://kital-tools.com/products/sd7-8-8550	//kital-tools.com/cdn/shop/products/SD7.8_8550__MA_1024x1024@2x.jpg?v=1616493977	3032841	SD7.8	FKD	1Pcs	1	"FUKUDA SEIKO CO., LTD."	Japan	35.000G	1.283.410?
1	Straight Shank Drills Carbide Tipped  SD 7.7  FKD	https://kital-tools.com/products/sd7-7-8550	//kital-tools.com/cdn/shop/products/SD7.7_8550__MA_1024x1024@2x.jpg?v=1616493973	3032833	SD7.7	FKD	1Pcs	1	"FUKUDA SEIKO CO., LTD."	Japan	35.000G	1.283.410?
1	Straight Shank Drills Carbide Tipped  SD 7.6  FKD	https://kital-tools.com/products/sd7-6-8550	//kital-tools.com/cdn/shop/products/SD7.6_8550__MA_1024x1024@2x.jpg?v=1616493969	3032825	SD7.6	FKD	1Pcs	1	"FUKUDA SEIKO CO., LTD."	Japan	30.000G	1.283.410?
1	Straight Shank Drills Carbide Tipped  SD 7.5  FKD	https://kital-tools.com/products/sd7-5-8550	//kital-tools.com/cdn/shop/products/SD7.5_8550__MA_1024x1024@2x.jpg?v=1616493966	3032817	SD7.5	FKD	1Pcs	1	"FUKUDA SEIKO CO., LTD."	Japan	30.000G	1.151.788?
1	Straight Shank Drills Carbide Tipped  SD 7.4  FKD	https://kital-tools.com/products/sd7-4-8550	//kital-tools.com/cdn/shop/products/SD7.4_8550__MA_1024x1024@2x.jpg?v=1616493962	3032809	SD7.4	FKD	1Pcs	1	"FUKUDA SEIKO CO., LTD."	Japan	25.000G	1.151.788?
1	Straight Shank Drills Carbide Tipped  SD 7.3  FKD	https://kital-tools.com/products/sd7-3-8550	//kital-tools.com/cdn/shop/products/SD7.3_8550__MA_1024x1024@2x.jpg?v=1616493959	3032795	SD7.3	FKD	1Pcs	1	"FUKUDA SEIKO CO., LTD."	Japan	25.000G	1.151.788?
1	Straight Shank Drills Carbide Tipped  SD 7.2  FKD	https://kital-tools.com/products/sd7-2-8550	//kital-tools.com/cdn/shop/products/SD7.2_8550__MA_1024x1024@2x.jpg?v=1616493955	3032787	SD7.2	FKD	1Pcs	1	"FUKUDA SEIKO CO., LTD."	Japan	25.000G	1.151.788?
1	Straight Shank Drills Carbide Tipped  SD 7.1  FKD	https://kital-tools.com/products/sd7-1-8550	//kital-tools.com/cdn/shop/products/SD7.1_8550__MA_1024x1024@2x.jpg?v=1616493952	3032779	SD7.1	FKD	1Pcs	1	"FUKUDA SEIKO CO., LTD."	Japan	25.000G	1.151.788?
1	Straight Shank Drills Carbide Tipped  SD 7  FKD	https://kital-tools.com/products/sd7-8550	//kital-tools.com/cdn/shop/products/SD7_8550__MA_1024x1024@2x.jpg?v=1616493949	2887819	SD7	FKD	1Pcs	1	"FUKUDA SEIKO CO., LTD."	Japan	25.000G	1.151.788?
1	Straight Shank Drills Carbide Tipped  SD 6.9  FKD	https://kital-tools.com/products/sd6-9-8550	//kital-tools.com/cdn/shop/products/SD6.9_8550__MA_1024x1024@2x.jpg?v=1616493916	3032761	SD6.9	FKD	1Pcs	1	"FUKUDA SEIKO CO., LTD."	Japan	25.000G	1.151.788?
1	Straight Shank Drills Carbide Tipped  SD 6.8  FKD	https://kital-tools.com/products/sd6-8-8550	//kital-tools.com/cdn/shop/products/SD6.8_8550__MA_1024x1024@2x.jpg?v=1616493913	3032752	SD6.8	FKD	1Pcs	1	"FUKUDA SEIKO CO., LTD."	Japan	25.000G	1.151.788?
1	Straight Shank Drills Carbide Tipped  SD 6.7  FKD	https://kital-tools.com/products/sd6-7-8550	//kital-tools.com/cdn/shop/products/SD6.7_8550__MA_1024x1024@2x.jpg?v=1616493908	2887801	SD6.7	FKD	1Pcs	1	"FUKUDA SEIKO CO., LTD."	Japan	25.000G	1.151.788?
1	Straight Shank Drills Carbide Tipped  SD 6.6  FKD	https://kital-tools.com/products/sd6-6-8550	//kital-tools.com/cdn/shop/products/SD6.6_8550__MA_1024x1024@2x.jpg?v=1616493905	3032744	SD6.6	FKD	1Pcs	1	"FUKUDA SEIKO CO., LTD."	Japan	25.000G	1.151.788?
1	Straight Shank Drills Carbide Tipped  SD 6.5  FKD	https://kital-tools.com/products/sd6-5-8550	//kital-tools.com/cdn/shop/products/SD6.5_8550__MA_1024x1024@2x.jpg?v=1616493892	2887797	SD6.5	FKD	1Pcs	1	"FUKUDA SEIKO CO., LTD."	Japan	20.000G	1.102.297?
1	Straight Shank Drills Carbide Tipped  SD 6.4  FKD	https://kital-tools.com/products/sd6-4-8550	//kital-tools.com/cdn/shop/products/SD6.4_8550__MA_1024x1024@2x.jpg?v=1616493889	3032736	SD6.4	FKD	1Pcs	1	"FUKUDA SEIKO CO., LTD."	Japan	20.000G	1.102.297?
1	Straight Shank Drills Carbide Tipped  SD 6.3  FKD	https://kital-tools.com/products/sd6-3-8550	//kital-tools.com/cdn/shop/products/SD6.3_8550__MA_1024x1024@2x.jpg?v=1616493885	3032728	SD6.3	FKD	1Pcs	1	"FUKUDA SEIKO CO., LTD."	Japan	20.000G	1.102.297?
1	Straight Shank Drills Carbide Tipped  SD 6.2  FKD	https://kital-tools.com/products/sd6-2-8550	//kital-tools.com/cdn/shop/products/SD6.2_8550__MA_1024x1024@2x.jpg?v=1616493882	2887789	SD6.2	FKD	1Pcs	1	"FUKUDA SEIKO CO., LTD."	Japan	20.000G	1.102.297?
1	Straight Shank Drills Carbide Tipped  SD 6.1  FKD	https://kital-tools.com/products/sd6-1-8550	//kital-tools.com/cdn/shop/products/SD6.1_8550__MA_1024x1024@2x.jpg?v=1616493878	3032710	SD6.1	FKD	1Pcs	1	"FUKUDA SEIKO CO., LTD."	Japan	20.000G	1.102.297?
1	Straight Shank Drills Carbide Tipped  SD 6  FKD	https://kital-tools.com/products/sd6-8550	//kital-tools.com/cdn/shop/products/SD6_8550__MA_1024x1024@2x.jpg?v=1616493875	2887771	SD6	FKD	1Pcs	1	"FUKUDA SEIKO CO., LTD."	Japan	20.000G	1.102.297?
1	Straight Shank Drills Carbide Tipped  SD 5.9  FKD	https://kital-tools.com/products/sd5-9-8550	//kital-tools.com/cdn/shop/products/SD5.9_8550__MA_1024x1024@2x.jpg?v=1616493834	3032701	SD5.9	FKD	1Pcs	1	"FUKUDA SEIKO CO., LTD."	Japan	15.000G	1.102.297?
1	Straight Shank Drills Carbide Tipped  SD 5.8  FKD	https://kital-tools.com/products/sd5-8-8550	//kital-tools.com/cdn/shop/products/SD5.8_8550__MA_1024x1024@2x.jpg?v=1616493830	3032698	SD5.8	FKD	1Pcs	1	"FUKUDA SEIKO CO., LTD."	Japan	15.000G	1.102.297?
1	Straight Shank Drills Carbide Tipped  SD 5.7  FKD	https://kital-tools.com/products/sd5-7-8550	//kital-tools.com/cdn/shop/products/SD5.7_8550__MA_1024x1024@2x.jpg?v=1616493826	3032680	SD5.7	FKD	1Pcs	1	"FUKUDA SEIKO CO., LTD."	Japan	15.000G	1.102.297?
1	Straight Shank Drills Carbide Tipped  SD 5.6  FKD	https://kital-tools.com/products/sd5-6-8550	//kital-tools.com/cdn/shop/products/SD5.6_8550__MA_1024x1024@2x.jpg?v=1616493823	2887762	SD5.6	FKD	1Pcs	1	"FUKUDA SEIKO CO., LTD."	Japan	15.000G	1.102.297?
1	Straight Shank Drills Carbide Tipped  SD 5.5  FKD	https://kital-tools.com/products/sd5-5-8550	//kital-tools.com/cdn/shop/products/SD5.5_8550__MA_1024x1024@2x.jpg?v=1616493819	2887754	SD5.5	FKD	1Pcs	1	"FUKUDA SEIKO CO., LTD."	Japan	15.000G	1.069.479?
1	Straight Shank Drills Carbide Tipped  SD 5.4  FKD	https://kital-tools.com/products/sd5-4-8550	//kital-tools.com/cdn/shop/products/SD5.4_8550__MA_1024x1024@2x.jpg?v=1616493816	3032671	SD5.4	FKD	1Pcs	1	"FUKUDA SEIKO CO., LTD."	Japan	15.000G	1.069.479?
1	Straight Shank Drills Carbide Tipped  SD 5.3  FKD	https://kital-tools.com/products/sd5-3-8550	//kital-tools.com/cdn/shop/products/SD5.3_8550__MA_1024x1024@2x.jpg?v=1616493812	2887746	SD5.3	FKD	1Pcs	1	"FUKUDA SEIKO CO., LTD."	Japan	15.000G	1.069.479?
1	Straight Shank Drills Carbide Tipped  SD 5.2  FKD	https://kital-tools.com/products/sd5-2-8550	//kital-tools.com/cdn/shop/products/SD5.2_8550__MA_1024x1024@2x.jpg?v=1616493809	2887738	SD5.2	FKD	1Pcs	1	"FUKUDA SEIKO CO., LTD."	Japan	15.000G	1.069.479?
1	Straight Shank Drills Carbide Tipped  SD 5.1  FKD	https://kital-tools.com/products/sd5-1-8550	//kital-tools.com/cdn/shop/products/SD5.1_8550__MA_1024x1024@2x.jpg?v=1616493799	2887720	SD5.1	FKD	1Pcs	1	"FUKUDA SEIKO CO., LTD."	Japan	15.000G	1.069.479?
1	Straight Shank Drills Carbide Tipped  SD 5  FKD	https://kital-tools.com/products/sd5-8550	//kital-tools.com/cdn/shop/products/SD5_8550__MA_1024x1024@2x.jpg?v=1616493795	2887711	SD5	FKD	1Pcs	1	"FUKUDA SEIKO CO., LTD."	Japan	15.000G	1.069.479?
1	Straight Shank Drills Carbide Tipped  SD 4.9  FKD	https://kital-tools.com/products/sd4-9-8550	//kital-tools.com/cdn/shop/products/SD4.9_8550__MA_1024x1024@2x.jpg?v=1616493749	3032663	SD4.9	FKD	1Pcs	1	"FUKUDA SEIKO CO., LTD."	Japan	10.000G	1.069.479?
1	Straight Shank Drills Carbide Tipped  SD 4.8  FKD	https://kital-tools.com/products/sd4-8-8550	//kital-tools.com/cdn/shop/products/SD4.8_8550__MA_1024x1024@2x.jpg?v=1616493745	3032655	SD4.8	FKD	1Pcs	1	"FUKUDA SEIKO CO., LTD."	Japan	10.000G	1.069.479?
1	Straight Shank Drills Carbide Tipped  SD 4.7  FKD	https://kital-tools.com/products/sd4-7-8550	//kital-tools.com/cdn/shop/products/SD4.7_8550__MA_1024x1024@2x.jpg?v=1616493742	3032647	SD4.7	FKD	1Pcs	1	"FUKUDA SEIKO CO., LTD."	Japan	10.000G	1.069.479?
1	Straight Shank Drills Carbide Tipped  SD 4.6  FKD	https://kital-tools.com/products/sd4-6-8550	//kital-tools.com/cdn/shop/products/SD4.6_8550__MA_1024x1024@2x.jpg?v=1616493739	3032639	SD4.6	FKD	1Pcs	1	"FUKUDA SEIKO CO., LTD."	Japan	10.000G	1.069.479?
1	Straight Shank Drills Carbide Tipped  SD 4.5  FKD	https://kital-tools.com/products/sd4-5-8550	//kital-tools.com/cdn/shop/products/SD4.5_8550__MA_1024x1024@2x.jpg?v=1616493735	2887703	SD4.5	FKD	1Pcs	1	"FUKUDA SEIKO CO., LTD."	Japan	10.000G	1.069.479?
1	Straight Shank Drills Carbide Tipped  SD 4.4  FKD	https://kital-tools.com/products/sd4-4-8550	//kital-tools.com/cdn/shop/products/SD4.4_8550__MA_1024x1024@2x.jpg?v=1616493731	3032621	SD4.4	FKD	1Pcs	1	"FUKUDA SEIKO CO., LTD."	Japan	10.000G	1.069.479?
1	Straight Shank Drills Carbide Tipped  SD 4.3  FKD	https://kital-tools.com/products/sd4-3-8550	//kital-tools.com/cdn/shop/products/SD4.3_8550__MA_1024x1024@2x.jpg?v=1616493728	3032612	SD4.3	FKD	1Pcs	1	"FUKUDA SEIKO CO., LTD."	Japan	10.000G	1.069.479?
1	Straight Shank Drills Carbide Tipped  SD 4.2  FKD	https://kital-tools.com/products/sd4-2-8550	//kital-tools.com/cdn/shop/products/SD4.2_8550__MA_1024x1024@2x.jpg?v=1616493725	2887690	SD4.2	FKD	1Pcs	1	"FUKUDA SEIKO CO., LTD."	Japan	10.000G	1.069.479?
1	Straight Shank Drills Carbide Tipped  SD 4.1  FKD	https://kital-tools.com/products/sd4-1-8550	//kital-tools.com/cdn/shop/products/SD4.1_8550__MA_1024x1024@2x.jpg?v=1616493721	2887681	SD4.1	FKD	1Pcs	1	"FUKUDA SEIKO CO., LTD."	Japan	10.000G	1.069.479?
1	Straight Shank Drills Carbide Tipped  SD 4  FKD	https://kital-tools.com/products/sd4-8550	//kital-tools.com/cdn/shop/products/SD4_8550__MA_1024x1024@2x.jpg?v=1616493718	2887673	SD4	FKD	1Pcs	1	"FUKUDA SEIKO CO., LTD."	Japan	10.000G	1.069.479?
1	Straight Shank Drills Carbide Tipped  SD 3.9  FKD	https://kital-tools.com/products/sd3-9-8550	//kital-tools.com/cdn/shop/products/SD3.9_8550__MA_1024x1024@2x.jpg?v=1616493662	3032604	SD3.9	FKD	1Pcs	1	"FUKUDA SEIKO CO., LTD."	Japan	5.000G	1.069.479?
1	Straight Shank Drills Carbide Tipped  SD 3.8  FKD	https://kital-tools.com/products/sd3-8-8550	//kital-tools.com/cdn/shop/products/SD3.8_8550__MA_1024x1024@2x.jpg?v=1616493658	3032591	SD3.8	FKD	1Pcs	1	"FUKUDA SEIKO CO., LTD."	Japan	5.000G	1.069.479?
1	Straight Shank Drills Carbide Tipped  SD 3.7  FKD	https://kital-tools.com/products/sd3-7-8550	//kital-tools.com/cdn/shop/products/SD3.7_8550__MA_1024x1024@2x.jpg?v=1616493655	3032582	SD3.7	FKD	1Pcs	1	"FUKUDA SEIKO CO., LTD."	Japan	5.000G	1.069.479?
1	Straight Shank Drills Carbide Tipped  SD 3.6  FKD	https://kital-tools.com/products/sd3-6-8550	//kital-tools.com/cdn/shop/products/SD3.6_8550__MA_1024x1024@2x.jpg?v=1616493650	3032574	SD3.6	FKD	1Pcs	1	"FUKUDA SEIKO CO., LTD."	Japan	5.000G	1.069.479?
1	Straight Shank Drills Carbide Tipped  SD 3.5  FKD	https://kital-tools.com/products/sd3-5-8550	//kital-tools.com/cdn/shop/products/SD3.5_8550__MA_1024x1024@2x.jpg?v=1616493647	2887665	SD3.5	FKD	1Pcs	1	"FUKUDA SEIKO CO., LTD."	Japan	5.000G	1.069.479?
1	Straight Shank Drills Carbide Tipped  SD 3.4  FKD	https://kital-tools.com/products/sd3-4-8550	//kital-tools.com/cdn/shop/products/SD3.4_8550__MA_1024x1024@2x.jpg?v=1616493643	3032566	SD3.4	FKD	1Pcs	1	"FUKUDA SEIKO CO., LTD."	Japan	5.000G	1.069.479?
1	Straight Shank Drills Carbide Tipped  SD 3.3  FKD	https://kital-tools.com/products/sd3-3-8550	//kital-tools.com/cdn/shop/products/SD3.3_8550__MA_1024x1024@2x.jpg?v=1616493639	2887657	SD3.3	FKD	1Pcs	1	"FUKUDA SEIKO CO., LTD."	Japan	5.000G	1.069.479?
1	Straight Shank Drills Carbide Tipped  SD 3.2  FKD	https://kital-tools.com/products/sd3-2-8550	//kital-tools.com/cdn/shop/products/SD3.2_8550__MA_1024x1024@2x.jpg?v=1616493636	2887649	SD3.2	FKD	1Pcs	1	"FUKUDA SEIKO CO., LTD."	Japan	5.000G	1.069.479?
1	Straight Shank Drills Carbide Tipped  SD 3.1  FKD	https://kital-tools.com/products/sd3-1-8550	//kital-tools.com/cdn/shop/products/SD3.1_8550__MA_1024x1024@2x.jpg?v=1616493632	3032558	SD3.1	FKD	1Pcs	1	"FUKUDA SEIKO CO., LTD."	Japan	5.000G	1.069.479?
1	Straight Shank Drills Carbide Tipped  SD 3  FKD	https://kital-tools.com/products/sd3-8550	//kital-tools.com/cdn/shop/products/SD3_8550__MA_1024x1024@2x.jpg?v=1616493629	2887631	SD3	FKD	1Pcs	1	"FUKUDA SEIKO CO., LTD."	Japan	5.000G	1.069.479?
1	Straight Shank Drills Carbide Tipped  SD 13  FKD	https://kital-tools.com/products/sd13-8550	//kital-tools.com/cdn/shop/products/SD13_8550__MA_1024x1024@2x.jpg?v=1616493416	2887622	SD13	FKD	1Pcs	1	"FUKUDA SEIKO CO., LTD."	Japan	124.000G	1.809.902?
1	Straight Shank Drills Carbide Tipped  SD 12.9  FKD	https://kital-tools.com/products/sd12-9-8550	//kital-tools.com/cdn/shop/products/SD12.9_8550__MA_1024x1024@2x.jpg?v=1616493376	3032540	SD12.9	FKD	1Pcs	1	"FUKUDA SEIKO CO., LTD."	Japan	114.000G	1.809.902?
1	Straight Shank Drills Carbide Tipped  SD 12.8  FKD	https://kital-tools.com/products/sd12-8-8550	//kital-tools.com/cdn/shop/products/SD12.8_8550__MA_1024x1024@2x.jpg?v=1616493373	3032531	SD12.8	FKD	1Pcs	1	"FUKUDA SEIKO CO., LTD."	Japan	114.000G	1.809.902?
1	Straight Shank Drills Carbide Tipped  SD 12.7  FKD	https://kital-tools.com/products/sd12-7-8550	//kital-tools.com/cdn/shop/products/SD12.7_8550__MA_1024x1024@2x.jpg?v=1616493369	3032523	SD12.7	FKD	1Pcs	1	"FUKUDA SEIKO CO., LTD."	Japan	104.000G	1.809.902?
1	Straight Shank Drills Carbide Tipped  SD 12.6  FKD	https://kital-tools.com/products/sd12-6-8550	//kital-tools.com/cdn/shop/products/SD12.6_8550__MA_1024x1024@2x.jpg?v=1616493366	3032515	SD12.6	FKD	1Pcs	1	"FUKUDA SEIKO CO., LTD."	Japan	104.000G	1.809.902?
1	Straight Shank Drills Carbide Tipped  SD 12.5  FKD	https://kital-tools.com/products/sd12-5-8550	//kital-tools.com/cdn/shop/products/SD12.5_8550__MA_1024x1024@2x.jpg?v=1616493363	3032507	SD12.5	FKD	1Pcs	1	"FUKUDA SEIKO CO., LTD."	Japan	104.000G	1.727.594?
1	Straight Shank Drills Carbide Tipped  SD 12.4  FKD	https://kital-tools.com/products/sd12-4-8550	//kital-tools.com/cdn/shop/products/SD12.4_8550__MA_1024x1024@2x.jpg?v=1616493359	3032493	SD12.4	FKD	1Pcs	1	"FUKUDA SEIKO CO., LTD."	Japan	104.000G	1.727.594?
1	Straight Shank Drills Carbide Tipped  SD 12.3  FKD	https://kital-tools.com/products/sd12-3-8550	//kital-tools.com/cdn/shop/products/SD12.3_8550__MA_1024x1024@2x.jpg?v=1616493356	3032485	SD12.3	FKD	1Pcs	1	"FUKUDA SEIKO CO., LTD."	Japan	104.000G	1.727.594?
1	Straight Shank Drills Carbide Tipped  SD 12.2  FKD	https://kital-tools.com/products/sd12-2-8550	//kital-tools.com/cdn/shop/products/SD12.2_8550__MA_1024x1024@2x.jpg?v=1616493352	3032477	SD12.2	FKD	1Pcs	1	"FUKUDA SEIKO CO., LTD."	Japan	104.000G	1.727.594?
1	Straight Shank Drills Carbide Tipped  SD 12.1  FKD	https://kital-tools.com/products/sd12-1-8550	//kital-tools.com/cdn/shop/products/SD12.1_8550__MA_1024x1024@2x.jpg?v=1616493342	3032469	SD12.1	FKD	1Pcs	1	"FUKUDA SEIKO CO., LTD."	Japan	94.000G	1.727.594?
1	Straight Shank Drills Carbide Tipped  SD 12  FKD	https://kital-tools.com/products/sd12-8550	//kital-tools.com/cdn/shop/products/SD12_8550__MA_1024x1024@2x.jpg?v=1616493339	2887614	SD12	FKD	1Pcs	1	"FUKUDA SEIKO CO., LTD."	Japan	94.000G	1.727.594?
1	Straight Shank Drills Carbide Tipped  SD 11.9  FKD	https://kital-tools.com/products/sd11-9-8550	//kital-tools.com/cdn/shop/products/SD11.9_8550__MA_1024x1024@2x.jpg?v=1616493327	3032451	SD11.9	FKD	1Pcs	1	"FUKUDA SEIKO CO., LTD."	Japan	94.000G	1.727.594?
1	Straight Shank Drills Carbide Tipped  SD 11.8  FKD	https://kital-tools.com/products/sd11-8-8550	//kital-tools.com/cdn/shop/products/SD11.8_8550__MA_1024x1024@2x.jpg?v=1616493324	3032442	SD11.8	FKD	1Pcs	1	"FUKUDA SEIKO CO., LTD."	Japan	94.000G	1.727.594?
1	Straight Shank Drills Carbide Tipped  SD 11.7  FKD	https://kital-tools.com/products/sd11-7-8550	//kital-tools.com/cdn/shop/products/SD11.7_8550__MA_1024x1024@2x.jpg?v=1616493321	3032434	SD11.7	FKD	1Pcs	1	"FUKUDA SEIKO CO., LTD."	Japan	94.000G	1.727.594?
1	Straight Shank Drills Carbide Tipped  SD 11.6  FKD	https://kital-tools.com/products/sd11-6-8550	//kital-tools.com/cdn/shop/products/SD11.6_8550__MA_1024x1024@2x.jpg?v=1616493317	3032426	SD11.6	FKD	1Pcs	1	"FUKUDA SEIKO CO., LTD."	Japan	89.000G	1.727.594?
1	Straight Shank Drills Carbide Tipped  SD 11.5  FKD	https://kital-tools.com/products/sd11-5-8550	//kital-tools.com/cdn/shop/products/SD11.5_8550__MA_1024x1024@2x.jpg?v=1616493313	3032418	SD11.5	FKD	1Pcs	1	"FUKUDA SEIKO CO., LTD."	Japan	89.000G	1.645.286?
1	Straight Shank Drills Carbide Tipped  SD 11.4  FKD	https://kital-tools.com/products/sd11-4-8550	//kital-tools.com/cdn/shop/products/SD11.4_8550__MA_1024x1024@2x.jpg?v=1616493310	3032400	SD11.4	FKD	1Pcs	1	"FUKUDA SEIKO CO., LTD."	Japan	79.000G	1.645.286?
1	Straight Shank Drills Carbide Tipped  SD 11.3  FKD	https://kital-tools.com/products/sd11-3-8550	//kital-tools.com/cdn/shop/products/SD11.3_8550__MA_1024x1024@2x.jpg?v=1616493306	3032396	SD11.3	FKD	1Pcs	1	"FUKUDA SEIKO CO., LTD."	Japan	79.000G	1.645.286?
1	Straight Shank Drills Carbide Tipped  SD 11.2  FKD	https://kital-tools.com/products/sd11-2-8550	//kital-tools.com/cdn/shop/products/SD11.2_8550__MA_1024x1024@2x.jpg?v=1616493303	3032388	SD11.2	FKD	1Pcs	1	"FUKUDA SEIKO CO., LTD."	Japan	74.000G	1.645.286?
1	Straight Shank Drills Carbide Tipped  SD 11.1  FKD	https://kital-tools.com/products/sd11-1-8550	//kital-tools.com/cdn/shop/products/SD11.1_8550__MA_1024x1024@2x.jpg?v=1616493300	3032370	SD11.1	FKD	1Pcs	1	"FUKUDA SEIKO CO., LTD."	Japan	74.000G	1.645.286?
1	Straight Shank Drills Carbide Tipped  SD 11  FKD	https://kital-tools.com/products/sd11-8550	//kital-tools.com/cdn/shop/products/SD11_8550__MA_1024x1024@2x.jpg?v=1616493296	2887606	SD11	FKD	1Pcs	1	"FUKUDA SEIKO CO., LTD."	Japan	74.000G	1.645.286?
1	Straight Shank Drills Carbide Tipped  SD 10.9  FKD	https://kital-tools.com/products/sd10-9-8550	//kital-tools.com/cdn/shop/products/SD10.9_8550__MA_1024x1024@2x.jpg?v=1616493145	3032361	SD10.9	FKD	1Pcs	1	"FUKUDA SEIKO CO., LTD."	Japan	74.000G	1.645.286?
1	Straight Shank Drills Carbide Tipped  SD 10.8  FKD	https://kital-tools.com/products/sd10-8-8550	//kital-tools.com/cdn/shop/products/SD10.8_8550__MA_1024x1024@2x.jpg?v=1616493141	3032353	SD10.8	FKD	1Pcs	1	"FUKUDA SEIKO CO., LTD."	Japan	74.000G	1.645.286?
1	Straight Shank Drills Carbide Tipped  SD 10.7  FKD	https://kital-tools.com/products/sd10-7-8550	//kital-tools.com/cdn/shop/products/SD10.7_8550__MA_1024x1024@2x.jpg?v=1616493138	3032345	SD10.7	FKD	1Pcs	1	"FUKUDA SEIKO CO., LTD."	Japan	74.000G	1.645.286?
1	Straight Shank Drills Carbide Tipped  SD 10.6  FKD	https://kital-tools.com/products/sd10-6-8550	//kital-tools.com/cdn/shop/products/SD10.6_8550__MA_1024x1024@2x.jpg?v=1616493134	3032337	SD10.6	FKD	1Pcs	1	"FUKUDA SEIKO CO., LTD."	Japan	74.000G	1.645.286?
1	Straight Shank Drills Carbide Tipped  SD 10.5  FKD	https://kital-tools.com/products/sd10-5-8550	//kital-tools.com/cdn/shop/products/SD10.5_8550__MA_1024x1024@2x.jpg?v=1616493131	3032329	SD10.5	FKD	1Pcs	1	"FUKUDA SEIKO CO., LTD."	Japan	74.000G	1.579.474?
1	Straight Shank Drills Carbide Tipped  SD 10.4  FKD	https://kital-tools.com/products/sd10-4-8550	//kital-tools.com/cdn/shop/products/SD10.4_8550__MA_1024x1024@2x.jpg?v=1616493127	3032311	SD10.4	FKD	1Pcs	1	"FUKUDA SEIKO CO., LTD."	Japan	74.000G	1.579.474?
1	Straight Shank Drills Carbide Tipped  SD 10.3  FKD	https://kital-tools.com/products/sd10-3-8550	//kital-tools.com/cdn/shop/products/SD10.3_8550__MA_1024x1024@2x.jpg?v=1616493124	3032302	SD10.3	FKD	1Pcs	1	"FUKUDA SEIKO CO., LTD."	Japan	69.000G	1.579.474?
1	Straight Shank Drills Carbide Tipped  SD 10.2  FKD	https://kital-tools.com/products/sd10-2-8550	//kital-tools.com/cdn/shop/products/SD10.2_8550__MA_1024x1024@2x.jpg?v=1616493120	3032299	SD10.2	FKD	1Pcs	1	"FUKUDA SEIKO CO., LTD."	Japan	64.000G	1.579.474?
1	Straight Shank Drills Carbide Tipped  SD 10.1  FKD	https://kital-tools.com/products/sd10-1-8550	//kital-tools.com/cdn/shop/products/SD10.1_8550__MA_1024x1024@2x.jpg?v=1616493117	3032281	SD10.1	FKD	1Pcs	1	"FUKUDA SEIKO CO., LTD."	Japan	64.000G	1.579.474?
1	Straight Shank Drills Carbide Tipped  SD 10  FKD	https://kital-tools.com/products/sd10-8550	//kital-tools.com/cdn/shop/products/SD10_8550__MA_1024x1024@2x.jpg?v=1616493113	2887592	SD10	FKD	1Pcs	1	"FUKUDA SEIKO CO., LTD."	Japan	64.000G	1.579.474?
1	Carbide V Drill(Burnishing Drill)  OVDS-0120  OMI	https://kital-tools.com/products/ovds0120-1078	//kital-tools.com/cdn/shop/products/OVDS0120_1078__MA_1024x1024@2x.jpg?v=1616357520	1061640	OVDS0120	OMI	1Pcs	1	"Omikogyo Co., Ltd,"	Japan	160.000G	7.017.779?
1	Carbide V Drill(Burnishing Drill)  OVDS-0110  OMI	https://kital-tools.com/products/ovds0110-1078	//kital-tools.com/cdn/shop/products/OVDS0110_1078__MA_1024x1024@2x.jpg?v=1616357517	1061631	OVDS0110	OMI	1Pcs	1	"Omikogyo Co., Ltd,"	Japan	150.000G	7.017.779?
1	Carbide V Drill(Burnishing Drill)  OVDS-0100  OMI	https://kital-tools.com/products/ovds0100-1078	//kital-tools.com/cdn/shop/products/OVDS0100_1078__MA_1024x1024@2x.jpg?v=1616357513	1061623	OVDS0100	OMI	1Pcs	1	"Omikogyo Co., Ltd,"	Japan	100.000G	5.067.479?
1	Carbide V Drill(Burnishing Drill)  OVDS-0090  OMI	https://kital-tools.com/products/ovds0090-1078	//kital-tools.com/cdn/shop/products/OVDS0090_1078__MA_1024x1024@2x.jpg?v=1616357510	1061615	OVDS0090	OMI	1Pcs	1	"Omikogyo Co., Ltd,"	Japan	80.000G	4.361.103?
1	Carbide V Drill(Burnishing Drill)  OVDS-0080  OMI	https://kital-tools.com/products/ovds0080-1078	//kital-tools.com/cdn/shop/products/OVDS0080_1078__MA_1024x1024@2x.jpg?v=1616357507	1061607	OVDS0080	OMI	1Pcs	1	"Omikogyo Co., Ltd,"	Japan	60.000G	3.639.459?
1	Carbide V Drill(Burnishing Drill)  OVDS-0070  OMI	https://kital-tools.com/products/ovds0070-1078	//kital-tools.com/cdn/shop/products/OVDS0070_1078__MA_1024x1024@2x.jpg?v=1616357503	1061593	OVDS0070	OMI	1Pcs	1	"Omikogyo Co., Ltd,"	Japan	50.000G	3.148.067?
1	Carbide V Drill(Burnishing Drill)  OVDS-0060  OMI	https://kital-tools.com/products/ovds0060-1078	//kital-tools.com/cdn/shop/products/OVDS0060_1078__MA_1024x1024@2x.jpg?v=1616357499	1061585	OVDS0060	OMI	1Pcs	1	"Omikogyo Co., Ltd,"	Japan	30.000G	2.948.352?
1	Carbide V Drill(Burnishing Drill)  OVDS-0050  OMI	https://kital-tools.com/products/ovds0050-1078	//kital-tools.com/cdn/shop/products/OVDS0050_1078__MA_1024x1024@2x.jpg?v=1616357495	1061577	OVDS0050	OMI	1Pcs	1	"Omikogyo Co., Ltd,"	Japan	30.000G	2.794.792?
1	Carbide V Drill(Burnishing Drill)  OVDS-0040  OMI	https://kital-tools.com/products/ovds0040-1078	//kital-tools.com/cdn/shop/products/OVDS0040_1078__MA_1024x1024@2x.jpg?v=1616357491	1061569	OVDS0040	OMI	1Pcs	1	"Omikogyo Co., Ltd,"	Japan	20.000G	2.610.520?
1	Carbide V Drill(Burnishing Drill)  OVDS-0030  OMI	https://kital-tools.com/products/ovds0030-1078	//kital-tools.com/cdn/shop/products/OVDS0030_1078__MA_1024x1024@2x.jpg?v=1616357488	1061551	OVDS0030	OMI	1Pcs	1	"Omikogyo Co., Ltd,"	Japan	10.000G	2.303.400?
1	Carbide V Drill(Burnishing Drill)  OVDL-0120  OMI	https://kital-tools.com/products/ovdl0120-1078	//kital-tools.com/cdn/shop/products/OVDL0120_1078__MA_1024x1024@2x.jpg?v=1616357485	1061810	OVDL0120	OMI	1Pcs	1	"Omikogyo Co., Ltd,"	Japan	210.000G	9.060.039?
1	Carbide V Drill(Burnishing Drill)  OVDL-0110  OMI	https://kital-tools.com/products/ovdl0110-1078	//kital-tools.com/cdn/shop/products/OVDL0110_1078__MA_1024x1024@2x.jpg?v=1616357481	1061801	OVDL0110	OMI	1Pcs	1	"Omikogyo Co., Ltd,"	Japan	190.000G	9.060.039?
1	Carbide V Drill(Burnishing Drill)  OVDL-0100  OMI	https://kital-tools.com/products/ovdl0100-1078	//kital-tools.com/cdn/shop/products/OVDL0100_1078__MA_1024x1024@2x.jpg?v=1616357478	1061798	OVDL0100	OMI	1Pcs	1	"Omikogyo Co., Ltd,"	Japan	140.000G	6.603.079?
1	Carbide V Drill(Burnishing Drill)  OVDL-0090  OMI	https://kital-tools.com/products/ovdl0090-1078	//kital-tools.com/cdn/shop/products/OVDL0090_1078__MA_1024x1024@2x.jpg?v=1616357475	1061780	OVDL0090	OMI	1Pcs	1	"Omikogyo Co., Ltd,"	Japan	110.000G	5.651.007?
1	Carbide V Drill(Burnishing Drill)  OVDL-0080  OMI	https://kital-tools.com/products/ovdl0080-1078	//kital-tools.com/cdn/shop/products/OVDL0080_1078__MA_1024x1024@2x.jpg?v=1616357471	1061771	OVDL0080	OMI	1Pcs	1	"Omikogyo Co., Ltd,"	Japan	80.000G	4.729.647?
1	Carbide V Drill(Burnishing Drill)  OVDL-0070  OMI	https://kital-tools.com/products/ovdl0070-1078	//kital-tools.com/cdn/shop/products/OVDL0070_1078__MA_1024x1024@2x.jpg?v=1616357468	1061763	OVDL0070	OMI	1Pcs	1	"Omikogyo Co., Ltd,"	Japan	60.000G	4.084.695?
1	Carbide V Drill(Burnishing Drill)  OVDL-0060  OMI	https://kital-tools.com/products/ovdl0060-1078	//kital-tools.com/cdn/shop/products/OVDL0060_1078__MA_1024x1024@2x.jpg?v=1616357465	1061755	OVDL0060	OMI	1Pcs	1	"Omikogyo Co., Ltd,"	Japan	40.000G	3.808.288?
1	Carbide V Drill(Burnishing Drill)  OVDL-0050  OMI	https://kital-tools.com/products/ovdl0050-1078	//kital-tools.com/cdn/shop/products/OVDL0050_1078__MA_1024x1024@2x.jpg?v=1616357456	1061747	OVDL0050	OMI	1Pcs	1	"Omikogyo Co., Ltd,"	Japan	30.000G	3.639.459?
1	Carbide V Drill(Burnishing Drill)  OVDL-0040  OMI	https://kital-tools.com/products/ovdl0040-1078	//kital-tools.com/cdn/shop/products/OVDL0040_1078__MA_1024x1024@2x.jpg?v=1616357453	1061739	OVDL0040	OMI	1Pcs	1	"Omikogyo Co., Ltd,"	Japan	20.000G	3.347.608?
1	Carbide V Drill(Burnishing Drill)  OVDL-0030  OMI	https://kital-tools.com/products/ovdl0030-1078	//kital-tools.com/cdn/shop/products/OVDL0030_1078__MA_1024x1024@2x.jpg?v=1616357449	1061721	OVDL0030	OMI	1Pcs	1	"Omikogyo Co., Ltd,"	Japan	20.000G	3.009.776?
1	Gun Drills(for Deep Hole Drilling)  2532200500  botek	https://kital-tools.com/products/b110200500-6234	//kital-tools.com/cdn/shop/products/B110200500_6234__MA_1024x1024@2x.jpg?v=1615376677	4808312	B110200500	botek	1Pcs	1	"muraki co.,ltd."	Germany	740.000G	7.844.721?
1	Gun Drills(for Deep Hole Drilling)  2532195450  botek	https://kital-tools.com/products/b110195450-6234	//kital-tools.com/cdn/shop/products/B110195450_6234__MA_1024x1024@2x.jpg?v=1615376670	4808304	B110195450	botek	1Pcs	1	"muraki co.,ltd."	Germany	620.000G	7.844.721?
1	Gun Drills(for Deep Hole Drilling)  2532190500  botek	https://kital-tools.com/products/b110190500-6234	//kital-tools.com/cdn/shop/products/B110190500_6234__MA_1024x1024@2x.jpg?v=1615376664	4808291	B110190500	botek	1Pcs	1	"muraki co.,ltd."	Germany	660.000G	7.423.528?
1	Gun Drills(for Deep Hole Drilling)  2532185450  botek	https://kital-tools.com/products/b110185450-6234	//kital-tools.com/cdn/shop/products/B110185450_6234__MA_1024x1024@2x.jpg?v=1615376659	4808282	B110185450	botek	1Pcs	1	"muraki co.,ltd."	Germany	620.000G	7.493.727?
1	Gun Drills(for Deep Hole Drilling)  2532180500  botek	https://kital-tools.com/products/b110180500-6234	//kital-tools.com/cdn/shop/products/B110180500_6234__MA_1024x1024@2x.jpg?v=1615376654	4808274	B110180500	botek	1Pcs	1	"muraki co.,ltd."	Germany	640.000G	7.248.031?
1	Gun Drills(for Deep Hole Drilling)  2532175400  botek	https://kital-tools.com/products/b110175400-6234	//kital-tools.com/cdn/shop/products/B110175400_6234__MA_1024x1024@2x.jpg?v=1615376648	4808266	B110175400	botek	1Pcs	1	"muraki co.,ltd."	Germany	520.000G	7.054.984?
1	Gun Drills(for Deep Hole Drilling)  2532170400  botek	https://kital-tools.com/products/b110170400-6234	//kital-tools.com/cdn/shop/products/B110170400_6234__MA_1024x1024@2x.jpg?v=1615376643	4808258	B110170400	botek	1Pcs	1	"muraki co.,ltd."	Germany	520.000G	6.914.587?
1	Gun Drills(for Deep Hole Drilling)  2532165400  botek	https://kital-tools.com/products/b110165400-6234	//kital-tools.com/cdn/shop/products/B110165400_6234__MA_1024x1024@2x.jpg?v=1615376635	4808240	B110165400	botek	1Pcs	1	"muraki co.,ltd."	Germany	520.000G	6.914.587?
1	Gun Drills(for Deep Hole Drilling)  2532160400  botek	https://kital-tools.com/products/b110160400-6234	//kital-tools.com/cdn/shop/products/B110160400_6234__MA_1024x1024@2x.jpg?v=1615376630	4808231	B110160400	botek	1Pcs	1	"muraki co.,ltd."	Germany	500.000G	6.546.043?
1	Gun Drills(for Deep Hole Drilling)  2532155400  botek	https://kital-tools.com/products/b110155400-6234	//kital-tools.com/cdn/shop/products/B110155400_6234__MA_1024x1024@2x.jpg?v=1615376624	4808223	B110155400	botek	1Pcs	1	"muraki co.,ltd."	Germany	460.000G	6.546.043?
1	Gun Drills(for Deep Hole Drilling)  2532150400  botek	https://kital-tools.com/products/b110150400-6234	//kital-tools.com/cdn/shop/products/B110150400_6234__MA_1024x1024@2x.jpg?v=1615376618	4808215	B110150400	botek	1Pcs	1	"muraki co.,ltd."	Germany	460.000G	6.317.896?
1	Gun Drills(for Deep Hole Drilling)  2532145400  botek	https://kital-tools.com/products/b110145400-6234	//kital-tools.com/cdn/shop/products/B110145400_6234__MA_1024x1024@2x.jpg?v=1615376612	4808207	B110145400	botek	1Pcs	1	"muraki co.,ltd."	Germany	460.000G	6.317.896?
1	Gun Drills(for Deep Hole Drilling)  2532140400  botek	https://kital-tools.com/products/b110140400-6234	//kital-tools.com/cdn/shop/products/B110140400_6234__MA_1024x1024@2x.jpg?v=1615376606	4808193	B110140400	botek	1Pcs	1	"muraki co.,ltd."	Germany	440.000G	6.037.101?
1	Gun Drills(for Deep Hole Drilling)  2532135400  botek	https://kital-tools.com/products/b110135400-6234	//kital-tools.com/cdn/shop/products/B110135400_6234__MA_1024x1024@2x.jpg?v=1615376601	4808185	B110135400	botek	1Pcs	1	"muraki co.,ltd."	Germany	320.000G	6.037.101?
1	Gun Drills(for Deep Hole Drilling)  2532130400  botek	https://kital-tools.com/products/b110130400-6234	//kital-tools.com/cdn/shop/products/B110130400_6234__MA_1024x1024@2x.jpg?v=1615376589	4808177	B110130400	botek	1Pcs	1	"muraki co.,ltd."	Germany	310.000G	5.756.306?
1	Gun Drills(for Deep Hole Drilling)  2532125400  botek	https://kital-tools.com/products/b110125400-6234	//kital-tools.com/cdn/shop/products/B110125400_6234__MA_1024x1024@2x.jpg?v=1615376583	4808169	B110125400	botek	1Pcs	1	"muraki co.,ltd."	Germany	300.000G	5.756.306?
1	Gun Drills(for Deep Hole Drilling)  2532120400  botek	https://kital-tools.com/products/b110120400-6234	//kital-tools.com/cdn/shop/products/B110120400_6234__MA_1024x1024@2x.jpg?v=1615376578	4808151	B110120400	botek	1Pcs	1	"muraki co.,ltd."	Germany	280.000G	5.475.510?
1	Gun Drills(for Deep Hole Drilling)  2532115400  botek	https://kital-tools.com/products/b110115400-6234	//kital-tools.com/cdn/shop/products/B110115400_6234__MA_1024x1024@2x.jpg?v=1615376572	4808142	B110115400	botek	1Pcs	1	"muraki co.,ltd."	Germany	280.000G	5.475.510?
1	Gun Drills(for Deep Hole Drilling)  2532110400  botek	https://kital-tools.com/products/b110110400-6234	//kital-tools.com/cdn/shop/products/B110110400_6234__MA_1024x1024@2x.jpg?v=1615376567	4808134	B110110400	botek	1Pcs	1	"muraki co.,ltd."	Germany	250.000G	5.264.914?
1	Gun Drills(for Deep Hole Drilling)  2532105400  botek	https://kital-tools.com/products/b110105400-6234	//kital-tools.com/cdn/shop/products/B110105400_6234__MA_1024x1024@2x.jpg?v=1615376561	4808126	B110105400	botek	1Pcs	1	"muraki co.,ltd."	Germany	260.000G	5.264.914?
1	Gun Drills(for Deep Hole Drilling)  2532100400  botek	https://kital-tools.com/products/b110100400-6234	//kital-tools.com/cdn/shop/products/B110100400_6234__MA_1024x1024@2x.jpg?v=1615376556	4808118	B110100400	botek	1Pcs	1	"muraki co.,ltd."	Germany	240.000G	5.194.715?
1	Gun Drills(for Deep Hole Drilling)  2532095390  botek	https://kital-tools.com/products/b110095390-6234	//kital-tools.com/cdn/shop/products/B110095390_6234__MA_1024x1024@2x.jpg?v=1615376548	4808100	B110095390	botek	1Pcs	1	"muraki co.,ltd."	Germany	220.000G	5.194.715?
1	Gun Drills(for Deep Hole Drilling)  2532090390  botek	https://kital-tools.com/products/b110090390-6234	//kital-tools.com/cdn/shop/products/B110090390_6234__MA_1024x1024@2x.jpg?v=1615376543	4808096	B110090390	botek	1Pcs	1	"muraki co.,ltd."	Germany	220.000G	4.913.919?
1	Gun Drills(for Deep Hole Drilling)  2532085390  botek	https://kital-tools.com/products/b110085390-6234	//kital-tools.com/cdn/shop/products/B110085390_6234__MA_1024x1024@2x.jpg?v=1615376537	4808088	B110085390	botek	1Pcs	1	"muraki co.,ltd."	Germany	210.000G	4.913.919?
1	Gun Drills(for Deep Hole Drilling)  2532080390  botek	https://kital-tools.com/products/b110080390-6234	//kital-tools.com/cdn/shop/products/B110080390_6234__MA_1024x1024@2x.jpg?v=1615376531	4808070	B110080390	botek	1Pcs	1	"muraki co.,ltd."	Germany	220.000G	4.492.726?
1	Gun Drills(for Deep Hole Drilling)  2532075350  botek	https://kital-tools.com/products/b110075350-6234	//kital-tools.com/cdn/shop/products/B110075350_6234__MA_1024x1024@2x.jpg?v=1615376526	4808061	B110075350	botek	1Pcs	1	"muraki co.,ltd."	Germany	200.000G	4.492.726?
1	Gun Drills(for Deep Hole Drilling)  2532070350  botek	https://kital-tools.com/products/b110070350-6234	//kital-tools.com/cdn/shop/products/B110070350_6234__MA_1024x1024@2x.jpg?v=1615376520	4808053	B110070350	botek	1Pcs	1	"muraki co.,ltd."	Germany	180.000G	4.334.779?
1	Gun Drills(for Deep Hole Drilling)  2532065310  botek	https://kital-tools.com/products/b110065310-6234	//kital-tools.com/cdn/shop/products/B110065310_6234__MA_1024x1024@2x.jpg?v=1615376515	4808045	B110065310	botek	1Pcs	1	"muraki co.,ltd."	Germany	180.000G	4.334.779?
1	Gun Drills(for Deep Hole Drilling)  2532060310  botek	https://kital-tools.com/products/b110060310-6234	//kital-tools.com/cdn/shop/products/B110060310_6234__MA_1024x1024@2x.jpg?v=1615376508	4808037	B110060310	botek	1Pcs	1	"muraki co.,ltd."	Germany	160.000G	4.247.030?
1	Gun Drills(for Deep Hole Drilling)  2532055260  botek	https://kital-tools.com/products/b110055260-6234	//kital-tools.com/cdn/shop/products/B110055260_6234__MA_1024x1024@2x.jpg?v=1615376494	4808029	B110055260	botek	1Pcs	1	"muraki co.,ltd."	Germany	100.000G	3.983.785?
1	Gun Drills(for Deep Hole Drilling)  2532050260  botek	https://kital-tools.com/products/b110050260-6234	//kital-tools.com/cdn/shop/products/B110050260_6234__MA_1024x1024@2x.jpg?v=1615376477	4808011	B110050260	botek	1Pcs	1	"muraki co.,ltd."	Germany	100.000G	3.983.785?
1	Gun Drills(for Deep Hole Drilling)  2532045220  botek	https://kital-tools.com/products/b110045220-6234	//kital-tools.com/cdn/shop/products/B110045220_6234__MA_1024x1024@2x.jpg?v=1615376471	4808002	B110045220	botek	1Pcs	1	"muraki co.,ltd."	Germany	100.000G	3.983.785?
1	Gun Drills(for Deep Hole Drilling)  2532040220  botek	https://kital-tools.com/products/b110040220-6234	//kital-tools.com/cdn/shop/products/B110040220_6234__MA_1024x1024@2x.jpg?v=1615376446	4807995	B110040220	botek	1Pcs	1	"muraki co.,ltd."	Germany	110.000G	4.176.831?
1	Gun Drills(for Deep Hole Drilling)  2532035150  botek	https://kital-tools.com/products/b110035150-6234	//kital-tools.com/cdn/shop/products/B110035150_6234__MA_1024x1024@2x.jpg?v=1615376440	4807987	B110035150	botek	1Pcs	1	"muraki co.,ltd."	Germany	86.000G	4.053.983?
1	Gun Drills(for Deep Hole Drilling)  2532030150  botek	https://kital-tools.com/products/b110030150-6234	//kital-tools.com/cdn/shop/products/B110030150_6234__MA_1024x1024@2x.jpg?v=1615376400	4807979	B110030150	botek	1Pcs	1	"muraki co.,ltd."	Germany	90.000G	4.089.083?
1	Carbide Drill  208095  DIXI	https://kital-tools.com/products/11309-5-4074	//kital-tools.com/cdn/shop/products/11309.5_4074__MA_1024x1024@2x.jpg?v=1608613055	1064096	11309.5	DIXI	1Pcs	1	"muraki co.,ltd."	Switzerland	61.000G	3.323.564?
1	Carbide Drill  208090  DIXI	https://kital-tools.com/products/11309-0-4074	//kital-tools.com/cdn/shop/products/11309.0_4074__MA_1024x1024@2x.jpg?v=1608613054	1064088	11309	DIXI	1Pcs	1	"muraki co.,ltd."	Switzerland	61.000G	2.714.765?
1	Carbide Drill  208085  DIXI	https://kital-tools.com/products/11308-5-4074	//kital-tools.com/cdn/shop/products/11308.5_4074__MA_1024x1024@2x.jpg?v=1608613038	1064070	11308.5	DIXI	1Pcs	1	"muraki co.,ltd."	Switzerland	45.000G	2.714.765?
1	Carbide Drill  208080  DIXI	https://kital-tools.com/products/11308-0-4074	//kital-tools.com/cdn/shop/products/11308.0_4074__MA_1024x1024@2x.jpg?v=1608613036	1064061	11308	DIXI	1Pcs	1	"muraki co.,ltd."	Switzerland	41.500G	2.138.959?
1	Carbide Drill  208075  DIXI	https://kital-tools.com/products/11307-5-4074	//kital-tools.com/cdn/shop/products/11307.5_4074__MA_1024x1024@2x.jpg?v=1608613031	1064053	11307.5	DIXI	1Pcs	1	"muraki co.,ltd."	Switzerland	33.000G	2.138.959?
1	Carbide Drill  208070  DIXI	https://kital-tools.com/products/11307-0-4074	//kital-tools.com/cdn/shop/products/11307.0_4074__MA_1024x1024@2x.jpg?v=1608613030	1064045	11307	DIXI	1Pcs	1	"muraki co.,ltd."	Switzerland	28.500G	1.842.720?
1	Carbide Drill  208069  DIXI	https://kital-tools.com/products/11306-9-4074	//kital-tools.com/cdn/shop/products/11306.9_4074__MA_1024x1024@2x.jpg?v=1608613024	1064037	11306.9	DIXI	1Pcs	1	"muraki co.,ltd."	Switzerland	28.000G	1.842.720?
1	Carbide Drill  208068  DIXI	https://kital-tools.com/products/11306-8-4074	//kital-tools.com/cdn/shop/products/11306.8_4074__MA_1024x1024@2x.jpg?v=1608613022	1064029	11306.8	DIXI	1Pcs	1	"muraki co.,ltd."	Switzerland	28.000G	1.842.720?
1	Carbide Drill  208067  DIXI	https://kital-tools.com/products/11306-7-4074	//kital-tools.com/cdn/shop/products/11306.7_4074__MA_1024x1024@2x.jpg?v=1608613020	1064011	11306.7	DIXI	1Pcs	1	"muraki co.,ltd."	Switzerland	27.000G	1.842.720?
1	Carbide Drill  208066  DIXI	https://kital-tools.com/products/11306-6-4074	//kital-tools.com/cdn/shop/products/11306.6_4074__MA_1024x1024@2x.jpg?v=1608613019	1064002	11306.6	DIXI	1Pcs	1	"muraki co.,ltd."	Switzerland	27.000G	1.842.720?
1	Carbide Drill  208065  DIXI	https://kital-tools.com/products/11306-5-4074	//kital-tools.com/cdn/shop/products/11306.5_4074__MA_1024x1024@2x.jpg?v=1608613017	1063995	11306.5	DIXI	1Pcs	1	"muraki co.,ltd."	Switzerland	25.000G	1.645.286?
1	Carbide Drill  208064  DIXI	https://kital-tools.com/products/11306-4-4074	//kital-tools.com/cdn/shop/products/11306.4_4074__MA_1024x1024@2x.jpg?v=1608613015	1063987	11306.4	DIXI	1Pcs	1	"muraki co.,ltd."	Switzerland	25.000G	1.645.286?
1	Carbide Drill  208063  DIXI	https://kital-tools.com/products/11306-3-4074	//kital-tools.com/cdn/shop/products/11306.3_4074__MA_1024x1024@2x.jpg?v=1608613013	1063979	11306.3	DIXI	1Pcs	1	"muraki co.,ltd."	Switzerland	23.500G	1.645.286?
1	Carbide Drill  208062  DIXI	https://kital-tools.com/products/11306-2-4074	//kital-tools.com/cdn/shop/products/11306.2_4074__MA_1024x1024@2x.jpg?v=1608613011	1063961	11306.2	DIXI	1Pcs	1	"muraki co.,ltd."	Switzerland	23.500G	1.645.286?
1	Carbide Drill  208061  DIXI	https://kital-tools.com/products/11306-1-4074	//kital-tools.com/cdn/shop/products/11306.1_4074__MA_1024x1024@2x.jpg?v=1608613009	1063952	11306.1	DIXI	1Pcs	1	"muraki co.,ltd."	Switzerland	22.500G	1.645.286?
1	Carbide Drill  208060  DIXI	https://kital-tools.com/products/11306-0-4074	//kital-tools.com/cdn/shop/products/11306.0_4074__MA_1024x1024@2x.jpg?v=1608613008	1063944	11306	DIXI	1Pcs	1	"muraki co.,ltd."	Switzerland	20.500G	1.184.606?
1	Carbide Drill  208059  DIXI	https://kital-tools.com/products/11305-9-4074	//kital-tools.com/cdn/shop/products/11305.9_4074__MA_1024x1024@2x.jpg?v=1608613006	1063936	11305.9	DIXI	1Pcs	1	"muraki co.,ltd."	Switzerland	18.000G	1.184.606?
1	Carbide Drill  208058  DIXI	https://kital-tools.com/products/11305-8-4074	//kital-tools.com/cdn/shop/products/11305.8_4074__MA_1024x1024@2x.jpg?v=1608613004	1063928	11305.8	DIXI	1Pcs	1	"muraki co.,ltd."	Switzerland	18.000G	1.184.606?
1	Carbide Drill  208057  DIXI	https://kital-tools.com/products/11305-7-4074	//kital-tools.com/cdn/shop/products/11305.7_4074__MA_1024x1024@2x.jpg?v=1608613002	1063910	11305.7	DIXI	1Pcs	1	"muraki co.,ltd."	Switzerland	17.500G	1.184.606?
1	Carbide Drill  208056  DIXI	https://kital-tools.com/products/11305-6-4074	//kital-tools.com/cdn/shop/products/11305.6_4074__MA_1024x1024@2x.jpg?v=1608613001	1063901	11305.6	DIXI	1Pcs	1	"muraki co.,ltd."	Switzerland	17.500G	1.184.606?
1	Carbide Drill  208055  DIXI	https://kital-tools.com/products/11305-5-4074	//kital-tools.com/cdn/shop/products/11305.5_4074__MA_1024x1024@2x.jpg?v=1608612999	1063898	11305.5	DIXI	1Pcs	1	"muraki co.,ltd."	Switzerland	17.500G	1.102.297?
1	Carbide Drill  208054  DIXI	https://kital-tools.com/products/11305-4-4074	//kital-tools.com/cdn/shop/products/11305.4_4074__MA_1024x1024@2x.jpg?v=1608612997	1063880	11305.4	DIXI	1Pcs	1	"muraki co.,ltd."	Switzerland	15.000G	1.102.297?
1	Carbide Drill  208053  DIXI	https://kital-tools.com/products/11305-3-4074	//kital-tools.com/cdn/shop/products/11305.3_4074__MA_1024x1024@2x.jpg?v=1608612995	1063871	11305.3	DIXI	1Pcs	1	"muraki co.,ltd."	Switzerland	15.000G	1.102.297?
1	Carbide Drill  208052  DIXI	https://kital-tools.com/products/11305-2-4074	//kital-tools.com/cdn/shop/products/11305.2_4074__MA_1024x1024@2x.jpg?v=1608612993	1063863	11305.2	DIXI	1Pcs	1	"muraki co.,ltd."	Switzerland	15.000G	1.102.297?
1	Carbide Drill  208051  DIXI	https://kital-tools.com/products/11305-1-4074	//kital-tools.com/cdn/shop/products/11305.1_4074__MA_1024x1024@2x.jpg?v=1608612992	1063855	11305.1	DIXI	1Pcs	1	"muraki co.,ltd."	Switzerland	14.000G	1.102.297?
1	Carbide Drill  208050  DIXI	https://kital-tools.com/products/11305-0-4074	//kital-tools.com/cdn/shop/products/11305.0_4074__MA_1024x1024@2x.jpg?v=1608612990	1063847	11305	DIXI	1Pcs	1	"muraki co.,ltd."	Switzerland	14.000G	888.542?
1	Carbide Drill  208049  DIXI	https://kital-tools.com/products/11304-9-4074	//kital-tools.com/cdn/shop/products/11304.9_4074__MA_1024x1024@2x.jpg?v=1608612987	1063839	11304.9	DIXI	1Pcs	1	"muraki co.,ltd."	Switzerland	13.000G	889.766?
1	Carbide Drill  208048  DIXI	https://kital-tools.com/products/11304-8-4074	//kital-tools.com/cdn/shop/products/11304.8_4074__MA_1024x1024@2x.jpg?v=1608612985	1063821	11304.8	DIXI	1Pcs	1	"muraki co.,ltd."	Switzerland	13.000G	889.766?
1	Carbide Drill  208047  DIXI	https://kital-tools.com/products/11304-7-4074	//kital-tools.com/cdn/shop/products/11304.7_4074__MA_1024x1024@2x.jpg?v=1608612983	1063812	11304.7	DIXI	1Pcs	1	"muraki co.,ltd."	Switzerland	11.500G	889.766?
1	Carbide Drill  208046  DIXI	https://kital-tools.com/products/11304-6-4074	//kital-tools.com/cdn/shop/products/11304.6_4074__MA_1024x1024@2x.jpg?v=1608612981	1063804	11304.6	DIXI	1Pcs	1	"muraki co.,ltd."	Switzerland	11.000G	889.766?
1	Carbide Drill  208045  DIXI	https://kital-tools.com/products/11304-5-4074	//kital-tools.com/cdn/shop/products/11304.5_4074__MA_1024x1024@2x.jpg?v=1608612979	1063791	11304.5	DIXI	1Pcs	1	"muraki co.,ltd."	Switzerland	10.500G	741.442?
1	Carbide Drill  208044  DIXI	https://kital-tools.com/products/11304-4-4074	//kital-tools.com/cdn/shop/products/11304.4_4074__MA_1024x1024@2x.jpg?v=1608612978	1063782	11304.4	DIXI	1Pcs	1	"muraki co.,ltd."	Switzerland	9.500G	741.442?
1	Carbide Drill  208043  DIXI	https://kital-tools.com/products/11304-3-4074	//kital-tools.com/cdn/shop/products/11304.3_4074__MA_1024x1024@2x.jpg?v=1608612976	1063774	11304.3	DIXI	1Pcs	1	"muraki co.,ltd."	Switzerland	9.500G	741.442?
1	Carbide Drill  208042  DIXI	https://kital-tools.com/products/11304-2-4074	//kital-tools.com/cdn/shop/products/11304.2_4074__MA_1024x1024@2x.jpg?v=1608612974	1063766	11304.2	DIXI	1Pcs	1	"muraki co.,ltd."	Switzerland	8.500G	741.442?
1	Carbide Drill  2080041  DIXI	https://kital-tools.com/products/11304-1-4074	//kital-tools.com/cdn/shop/products/11304.1_4074__MA_1024x1024@2x.jpg?v=1608612972	1063758	11304.1	DIXI	1Pcs	1	"muraki co.,ltd."	Switzerland	8.000G	741.442?
1	Carbide Drill  208040  DIXI	https://kital-tools.com/products/11304-0-4074	//kital-tools.com/cdn/shop/products/11304.0_4074__MA_1024x1024@2x.jpg?v=1608612971	1063740	11304	DIXI	1Pcs	1	"muraki co.,ltd."	Switzerland	8.000G	675.540?
1	Carbide Drill  208039  DIXI	https://kital-tools.com/products/11303-9-4074	//kital-tools.com/cdn/shop/products/11303.9_4074__MA_1024x1024@2x.jpg?v=1608612969	1063731	11303.9	DIXI	1Pcs	1	"muraki co.,ltd."	Switzerland	7.500G	675.540?
1	Carbide Drill  208038  DIXI	https://kital-tools.com/products/11303-8-4074	//kital-tools.com/cdn/shop/products/11303.8_4074__MA_1024x1024@2x.jpg?v=1608612967	1063723	11303.8	DIXI	1Pcs	1	"muraki co.,ltd."	Switzerland	7.000G	675.540?
1	Carbide Drill  208037  DIXI	https://kital-tools.com/products/11303-7-4074	//kital-tools.com/cdn/shop/products/11303.7_4074__MA_1024x1024@2x.jpg?v=1608612965	1063715	11303.7	DIXI	1Pcs	1	"muraki co.,ltd."	Switzerland	6.500G	675.540?
1	Carbide Drill  208036  DIXI	https://kital-tools.com/products/11303-6-4074	//kital-tools.com/cdn/shop/products/11303.6_4074__MA_1024x1024@2x.jpg?v=1608612964	1063707	11303.6	DIXI	1Pcs	1	"muraki co.,ltd."	Switzerland	6.000G	675.540?
1	Carbide Drill  208035  DIXI	https://kital-tools.com/products/11303-5-4074	//kital-tools.com/cdn/shop/products/11303.5_4074__MA_1024x1024@2x.jpg?v=1608612962	1063693	11303.5	DIXI	1Pcs	1	"muraki co.,ltd."	Switzerland	5.500G	593.119?
1	Carbide Drill  208034  DIXI	https://kital-tools.com/products/11303-4-4074	//kital-tools.com/cdn/shop/products/11303.4_4074__MA_1024x1024@2x.jpg?v=1608612960	1063685	11303.4	DIXI	1Pcs	1	"muraki co.,ltd."	Switzerland	5.500G	593.119?
1	Carbide Drill  208033  DIXI	https://kital-tools.com/products/11303-3-4074	//kital-tools.com/cdn/shop/products/11303.3_4074__MA_1024x1024@2x.jpg?v=1608612959	1063677	11303.3	DIXI	1Pcs	1	"muraki co.,ltd."	Switzerland	5.000G	593.119?
1	Carbide Drill  208032  DIXI	https://kital-tools.com/products/11303-2-4074	//kital-tools.com/cdn/shop/products/11303.2_4074__MA_1024x1024@2x.jpg?v=1608612957	1063669	11303.2	DIXI	1Pcs	1	"muraki co.,ltd."	Switzerland	4.500G	593.119?
1	Carbide Drill  208031  DIXI	https://kital-tools.com/products/11303-1-4074	//kital-tools.com/cdn/shop/products/11303.1_4074__MA_1024x1024@2x.jpg?v=1608612947	1063651	11303.1	DIXI	1Pcs	1	"muraki co.,ltd."	Switzerland	4.500G	593.119?
1	Carbide Drill  208030  DIXI	https://kital-tools.com/products/11303-0-4074	//kital-tools.com/cdn/shop/products/11303.0_4074__MA_1024x1024@2x.jpg?v=1608612945	1063642	11303	DIXI	1Pcs	1	"muraki co.,ltd."	Switzerland	3.500G	461.315?
1	Carbide Drill  208029  DIXI	https://kital-tools.com/products/11302-9-4074	//kital-tools.com/cdn/shop/products/11302.9_4074__MA_1024x1024@2x.jpg?v=1608612936	1063634	11302.9	DIXI	1Pcs	1	"muraki co.,ltd."	Switzerland	3.500G	461.315?
1	Carbide Drill  208028  DIXI	https://kital-tools.com/products/11302-8-4074	//kital-tools.com/cdn/shop/products/11302.8_4074__MA_1024x1024@2x.jpg?v=1608612935	1063626	11302.8	DIXI	1Pcs	1	"muraki co.,ltd."	Switzerland	3.500G	461.315?
1	Carbide Drill  208027  DIXI	https://kital-tools.com/products/11302-7-4074	//kital-tools.com/cdn/shop/products/11302.7_4074__MA_1024x1024@2x.jpg?v=1608612933	1063618	11302.7	DIXI	1Pcs	1	"muraki co.,ltd."	Switzerland	3.000G	461.315?
1	Carbide Drill  208026  DIXI	https://kital-tools.com/products/11302-6-4074	//kital-tools.com/cdn/shop/products/11302.6_4074__MA_1024x1024@2x.jpg?v=1608612931	1063600	11302.6	DIXI	1Pcs	1	"muraki co.,ltd."	Switzerland	2.500G	461.315?
1	Carbide Drill  208025  DIXI	https://kital-tools.com/products/11302-5-4074	//kital-tools.com/cdn/shop/products/11302.5_4074__MA_1024x1024@2x.jpg?v=1608612929	1063596	11302.5	DIXI	1Pcs	1	"muraki co.,ltd."	Switzerland	2.500G	362.549?
1	Carbide Drill  208024  DIXI	https://kital-tools.com/products/11302-4-4074	//kital-tools.com/cdn/shop/products/11302.4_4074__MA_1024x1024@2x.jpg?v=1608612927	1063588	11302.4	DIXI	1Pcs	1	"muraki co.,ltd."	Switzerland	2.000G	362.549?
1	Carbide Drill  208023  DIXI	https://kital-tools.com/products/11302-3-4074	//kital-tools.com/cdn/shop/products/11302.3_4074__MA_1024x1024@2x.jpg?v=1608612925	1063570	11302.3	DIXI	1Pcs	1	"muraki co.,ltd."	Switzerland	2.000G	362.549?
1	Carbide Drill  208022  DIXI	https://kital-tools.com/products/11302-2-4074	//kital-tools.com/cdn/shop/products/11302.2_4074__MA_1024x1024@2x.jpg?v=1608612924	1063561	11302.2	DIXI	1Pcs	1	"muraki co.,ltd."	Switzerland	1.500G	362.549?
1	Carbide Drill  208021  DIXI	https://kital-tools.com/products/11302-1-4074	//kital-tools.com/cdn/shop/products/11302.1_4074__MA_1024x1024@2x.jpg?v=1608612922	1063553	11302.1	DIXI	1Pcs	1	"muraki co.,ltd."	Switzerland	1.000G	362.549?
1	Carbide Drill  208020  DIXI	https://kital-tools.com/products/11302-0-4074	//kital-tools.com/cdn/shop/products/11302.0_4074__MA_1024x1024@2x.jpg?v=1608612920	1063545	11302	DIXI	1Pcs	1	"muraki co.,ltd."	Switzerland	1.000G	312.991?
1	Carbide Drill  208140  DIXI	https://kital-tools.com/products/113014-0-4074	//kital-tools.com/cdn/shop/products/113014.0_4074__MA_1024x1024@2x.jpg?v=1608612918	1064185	113014	DIXI	1Pcs	1	"muraki co.,ltd."	Switzerland	170.000G	7.232.709?
1	Carbide Drill  208135  DIXI	https://kital-tools.com/products/113013-5-4074	//kital-tools.com/cdn/shop/products/113013.5_4074__MA_1024x1024@2x.jpg?v=1608612916	1064177	113013.5	DIXI	1Pcs	1	"muraki co.,ltd."	Switzerland	159.000G	7.232.709?
1	Carbide Drill  208130  DIXI	https://kital-tools.com/products/113013-0-4074	//kital-tools.com/cdn/shop/products/113013.0_4074__MA_1024x1024@2x.jpg?v=1608612914	1064169	113013	DIXI	1Pcs	1	"muraki co.,ltd."	Switzerland	140.500G	5.931.187?
1	Carbide Drill  208120  DIXI	https://kital-tools.com/products/113012-0-4074	//kital-tools.com/cdn/shop/products/113012.0_4074__MA_1024x1024@2x.jpg?v=1608612910	1064142	113012	DIXI	1Pcs	1	"muraki co.,ltd."	Switzerland	122.500G	4.942.655?
1	Carbide Drill  208115  DIXI	https://kital-tools.com/products/113011-5-4074	//kital-tools.com/cdn/shop/products/113011.5_4074__MA_1024x1024@2x.jpg?v=1608612908	1064134	113011.5	DIXI	1Pcs	1	"muraki co.,ltd."	Switzerland	104.000G	4.942.655?
1	Carbide Drill  208110  DIXI	https://kital-tools.com/products/113011-0-4074	//kital-tools.com/cdn/shop/products/113011.0_4074__MA_1024x1024@2x.jpg?v=1608612906	1064126	113011	DIXI	1Pcs	1	"muraki co.,ltd."	Switzerland	85.000G	4.283.635?
1	Carbide Drill  208105  DIXI	https://kital-tools.com/products/113010-5-4074	//kital-tools.com/cdn/shop/products/113010.5_4074__MA_1024x1024@2x.jpg?v=1608612904	1064118	113010.5	DIXI	1Pcs	1	"muraki co.,ltd."	Switzerland	78.000G	4.283.635?
1	Carbide Drill  208100  DIXI	https://kital-tools.com/products/113010-0-4074	//kital-tools.com/cdn/shop/products/113010.0_4074__MA_1024x1024@2x.jpg?v=1608612902	1064100	113010	DIXI	1Pcs	1	"muraki co.,ltd."	Switzerland	72.500G	3.328.143?
1	Carbide Drill  208019  DIXI	https://kital-tools.com/products/11301-9-4074	//kital-tools.com/cdn/shop/products/11301.9_4074__MA_1024x1024@2x.jpg?v=1608612892	1063537	11301.9	DIXI	1Pcs	1	"muraki co.,ltd."	Switzerland	1.000G	312.991?
1	Carbide Drill  208018  DIXI	https://kital-tools.com/products/11301-8-4074	//kital-tools.com/cdn/shop/products/11301.8_4074__MA_1024x1024@2x.jpg?v=1608612890	1063529	11301.8	DIXI	1Pcs	1	"muraki co.,ltd."	Switzerland	1.000G	312.991?
1	Carbide Drill  208017  DIXI	https://kital-tools.com/products/11301-7-4074	//kital-tools.com/cdn/shop/products/11301.7_4074__MA_1024x1024@2x.jpg?v=1608612888	1063511	11301.7	DIXI	1Pcs	1	"muraki co.,ltd."	Switzerland	0.500G	312.991?
1	Carbide Drill  208016  DIXI	https://kital-tools.com/products/11301-6-4074	//kital-tools.com/cdn/shop/products/11301.6_4074__MA_1024x1024@2x.jpg?v=1608612886	1063502	11301.6	DIXI	1Pcs	1	"muraki co.,ltd."	Switzerland	0.500G	312.991?
1	Carbide Drill  208015  DIXI	https://kital-tools.com/products/11301-5-4074	//kital-tools.com/cdn/shop/products/11301.5_4074__MA_1024x1024@2x.jpg?v=1608612884	1063499	11301.5	DIXI	1Pcs	1	"muraki co.,ltd."	Switzerland	0.500G	296.647?
1	Carbide Drill  208014  DIXI	https://kital-tools.com/products/11301-4-4074	//kital-tools.com/cdn/shop/products/11301.4_4074__MA_1024x1024@2x.jpg?v=1608612882	1063481	11301.4	DIXI	1Pcs	1	"muraki co.,ltd."	Switzerland	0.500G	296.647?
1	Carbide Drill  208013  DIXI	https://kital-tools.com/products/11301-3-4074	//kital-tools.com/cdn/shop/products/11301.3_4074__MA_1024x1024@2x.jpg?v=1608612881	1063472	11301.3	DIXI	1Pcs	1	"muraki co.,ltd."	Switzerland	0.500G	296.647?
1	Carbide Drill  208012  DIXI	https://kital-tools.com/products/11301-2-4074	//kital-tools.com/cdn/shop/products/11301.2_4074__MA_1024x1024@2x.jpg?v=1608612879	1063464	11301.2	DIXI	1Pcs	1	"muraki co.,ltd."	Switzerland	0.500G	296.647?
1	Carbide Drill  208011  DIXI	https://kital-tools.com/products/11301-1-4074	//kital-tools.com/cdn/shop/products/11301.1_4074__MA_1024x1024@2x.jpg?v=1608612877	1063456	11301.1	DIXI	1Pcs	1	"muraki co.,ltd."	Switzerland	0.500G	296.647?
1	Carbide Drill  208010  DIXI	https://kital-tools.com/products/11301-0-4074	//kital-tools.com/cdn/shop/products/11301.0_4074__MA_1024x1024@2x.jpg?v=1608612875	1063448	11301	DIXI	1Pcs	1	"muraki co.,ltd."	Switzerland	0.500G	296.647?
1	Carbide Drill  208009  DIXI	https://kital-tools.com/products/11300-9-4074	//kital-tools.com/cdn/shop/products/11300.9_4074__MA_1024x1024@2x.jpg?v=1608612872	1063430	11300.9	DIXI	1Pcs	1	"muraki co.,ltd."	Switzerland	0.500G	296.647?
1	Carbide Drill  208008  DIXI	https://kital-tools.com/products/11300-8-4074	//kital-tools.com/cdn/shop/products/11300.8_4074__MA_1024x1024@2x.jpg?v=1608612870	1063421	11300.8	DIXI	1Pcs	1	"muraki co.,ltd."	Switzerland	0.500G	296.647?
1	Carbide Drill  208007  DIXI	https://kital-tools.com/products/11300-7-4074	//kital-tools.com/cdn/shop/products/11300.7_4074__MA_1024x1024@2x.jpg?v=1608612868	1063413	11300.7	DIXI	1Pcs	1	"muraki co.,ltd."	Switzerland	0.500G	296.647?
1	Carbide Drill  208006  DIXI	https://kital-tools.com/products/11300-6-4074	//kital-tools.com/cdn/shop/products/11300.6_4074__MA_1024x1024@2x.jpg?v=1608612855	1063405	11300.6	DIXI	1Pcs	1	"muraki co.,ltd."	Switzerland	0.500G	312.991?
1	Carbide Drill  208005  DIXI	https://kital-tools.com/products/11300-5-4074	//kital-tools.com/cdn/shop/products/11300.5_4074__MA_1024x1024@2x.jpg?v=1608612853	1063391	11300.5	DIXI	1Pcs	1	"muraki co.,ltd."	Switzerland	0.500G	312.991?
1	Carbide Drill  208004  DIXI	https://kital-tools.com/products/11300-4-4074	//kital-tools.com/cdn/shop/products/11300.4_4074__MA_1024x1024@2x.jpg?v=1608612851	1063383	11300.4	DIXI	1Pcs	1	"muraki co.,ltd."	Switzerland	2.000G	362.549?
1	21901  RELIEF	https://kital-tools.com/products/21901-4201	//kital-tools.com/cdn/shop/files/21901_4201_1024x1024@2x.jpg?v=1722356645	8373198	21901                         4201	RELIEF	1Pcs	10	ICHINEN AXESS Corporation	0	95.0G	226.000?
1	BRL1900S25     STI40T  MITSUBISHI	https://kital-tools.com/products/brl1900s25-7033sti40t	//kital-tools.com/cdn/shop/files/BRL1900S25_7033_STI40T_1024x1024@2x.jpg?v=1725963821									1.502.567?
1	Carbide Gun drills 4mm  5020 4.000  GUHRING	https://kital-tools.com/products/50204-000-8561	//kital-tools.com/cdn/shop/files/50204.000_8561_1024x1024@2x.jpg?v=1724192375	1809088	5020 4.000	GUHRING	1	1	Guhring Japan Corporation	Germany	40G	6.642.929?
1	Flat Drill  TDG40001  KYOCERA	https://kital-tools.com/products/2zdk030hp3doh-2039	//kital-tools.com/cdn/shop/files/2ZDK030HP3DOH_2039_1024x1024@2x.jpg?v=1724146868	2726359	TDG40001	KYOCERA	1	1	KYOCERA Corporation		17.7G	1.545.448?
1	Flat Drill  TDG40066  KYOCERA	https://kital-tools.com/products/2zdk095hp3doh-2039	//kital-tools.com/cdn/shop/files/2ZDK095HP3DOH_2039_1024x1024@2x.jpg?v=1724146872	2750192	TDG40066	KYOCERA	1	1	KYOCERA Corporation		71.7G	2.746.623?
1	Twist carbide drill 3XD  0.5mm  730 0.500  GUHRING	https://kital-tools.com/products/7300-500-8561	//kital-tools.com/cdn/shop/files/7300.500_8561_1024x1024@2x.jpg?v=1724673519	1820166	730 0.500	GUHRING	1	1	Guhring Japan Corporation	Germany	10G	316.857?
1	Twist carbide drill 3XD  0.8mm  730 0.800  GUHRING	https://kital-tools.com/products/7300-800-8561	//kital-tools.com/cdn/shop/files/7300.800_8561_1024x1024@2x.jpg?v=1724673522	1813847	730 0.800	GUHRING	1	1	Guhring Japan Corporation	Germany	10G	316.857?
1	Twist carbide drill 3XD  1.2mm  730 1.200  GUHRING	https://kital-tools.com/products/7301-200-8561	//kital-tools.com/cdn/shop/files/7301.200_8561_1024x1024@2x.jpg?v=1724673526	1815406	730 1.200	GUHRING	1	1	Guhring Japan Corporation	Germany	10G	266.069?
1	Twist carbide drill 3XD  1.4mm  730 1.400  GUHRING	https://kital-tools.com/products/7301-400-8561	//kital-tools.com/cdn/shop/files/7301.400_8561_1024x1024@2x.jpg?v=1724673529	1821758	730 1.400	GUHRING	1	1	Guhring Japan Corporation	Germany	10G	282.940?
1	Twist carbide drill 3XD  2mm  730 2.000  GUHRING	https://kital-tools.com/products/7302-000-8561	//kital-tools.com/cdn/shop/files/7302.000_8561_1024x1024@2x.jpg?v=1724673532	1820096	730 2.000	GUHRING	1	1	Guhring Japan Corporation	Germany	10G	353.762?
1	Twist carbide drill 3XD  3.05mm  730 3.050  GUHRING	https://kital-tools.com/products/7303-050-8561	//kital-tools.com/cdn/shop/files/7303.050_8561_1024x1024@2x.jpg?v=1724673559	1815423	730 3.050	GUHRING	1	1	Guhring Japan Corporation	Germany	10G	619.655?
1	Twist carbide drill 3XD  6.5mm  730 6.500  GUHRING	https://kital-tools.com/products/7306-500-8561	//kital-tools.com/cdn/shop/files/7306.500_8561_1024x1024@2x.jpg?v=1724673619	1821749	730 6.500	GUHRING	1Pcs	1	Guhring Japan Corporation	Germany	30G	1.574.620?
1	Twist carbide drill 3XD  8mm  730 8.000  GUHRING	https://kital-tools.com/products/7308-000-8561	//kital-tools.com/cdn/shop/files/7308.000_8561_1024x1024@2x.jpg?v=1724673629	1815393	730 8.000	GUHRING	1	1	Guhring Japan Corporation	Germany	40G	2.192.869?
1	Twist carbide drill 5XD  1.2mm  732 1.200  GUHRING	https://kital-tools.com/products/7321-200-8561	//kital-tools.com/cdn/shop/files/7321.200_8561_1024x1024@2x.jpg?v=1724673717	1820114	732 1.200	GUHRING	1	1	Guhring Japan Corporation	Germany	10G	313.694?
1	Twist carbide drill 5XD  5.1mm  732 5.100  GUHRING	https://kital-tools.com/products/7325-100-8561	//kital-tools.com/cdn/shop/files/7325.100_8561_1024x1024@2x.jpg?v=1724673722	1815421	732 5.100	GUHRING	1	1	Guhring Japan Corporation	Germany	20G	1.463.905?
1	Twist carbide drill 5XD  9mm  732 9.000  GUHRING	https://kital-tools.com/products/7329-000-8561	//kital-tools.com/cdn/shop/files/7329.000_8561_1024x1024@2x.jpg?v=1724673757	1812233	732 9.000	GUHRING	1	1	Guhring Japan Corporation	Germany	80G	3.481.387?
1	Twist carbide duble margine drill for Aluminium and cast iron 8mm  5513 8.000  GUHRING	https://kital-tools.com/products/55138-000-8561	//kital-tools.com/cdn/shop/files/55138.000_8561_1024x1024@2x.jpg?v=1724648914	1812266	5513 8.000	GUHRING	1	1	Guhring Japan Corporation	Germany	70G	2.617.279?
1	Twist carbide micro drill  0.8mm  701 0.800  GUHRING	https://kital-tools.com/products/7010-800-8561	//kital-tools.com/cdn/shop/files/7010.800_8561_1024x1024@2x.jpg?v=1724667708	1813836	701 0.800	GUHRING	10	10	Guhring Japan Corporation	Germany	10G	4.736.162?
